0019	6	((0+0)+1)+9	(1+9)-(0+0)	((0-0)+1)+9	((0+1)+9)-0	((0*0)+1)+9	(1+9)-(0*0)																																																																												
0025	36	((0+0)+2)*5	(0+0)+(2*5)	0+((0+2)*5)	(2-(0+0))*5	(2*5)-(0+0)	((2-0)*5)-0	((0-0)+2)*5	((0+2)-0)*5	(0-0)+(2*5)	((0+2)*5)-0	(0+(2*5))-0	0-((0-2)*5)	((0*0)+2)*5	(0*0)+(2*5)	(2-(0*0))*5	(2*5)-(0*0)	((0+0)+5)*2	0+((0+5)*2)	(5-(0+0))*2	((5-0)*2)-0	((0-0)+5)*2	((0+5)-0)*2	((0+5)*2)-0	0-((0-5)*2)	((0*0)+5)*2	(5-(0*0))*2	(0+2)*(0+5)	(0+2)*(5-0)	(2-0)*(0+5)	(0-2)*(0-5)	((0+2)*5)+0	(0+5)*(0+2)	(0+5)*(2-0)	(5-0)*(0+2)	(0-5)*(0-2)	((0+5)*2)+0																
0028	6	((0+0)+2)+8	(2+8)-(0+0)	((0-0)+2)+8	((0+2)+8)-0	((0*0)+2)+8	(2+8)-(0*0)																																																																												
0037	6	((0+0)+3)+7	(3+7)-(0+0)	((0-0)+3)+7	((0+3)+7)-0	((0*0)+3)+7	(3+7)-(0*0)																																																																												
0046	6	((0+0)+4)+6	(4+6)-(0+0)	((0-0)+4)+6	((0+4)+6)-0	((0*0)+4)+6	(4+6)-(0*0)																																																																												
0055	6	((0+0)+5)+5	(5+5)-(0+0)	((0-0)+5)+5	((0+5)+5)-0	((0*0)+5)+5	(5+5)-(0*0)																																																																												
0115	6	((0+1)+1)*5	0+((1+1)*5)	((1+1)-0)*5	((1+1)*5)-0	(0+5)*(1+1)	(5-0)*(1+1)																																																																												
0118	2	((0+1)+1)+8	((1+1)+8)-0																																																																																				
0119	42	(0+1)+(1*9)	((0+1)*1)+9	(0+(1*1))+9	(0+1)*(1+9)	0+(1*(1+9))	((0+1)/1)+9	(0+(1/1))+9	(1+(1*9))-0	(1-0)*(1+9)	((1*1)+9)-0	(1*(1+9))-0	9-((0-1)*1)	((1/1)+9)-0	9-((0-1)/1)	((0*1)+1)+9	(1+9)-(0*1)	((0/1)+1)+9	(1+9)-(0/1)	((0+1)+9)*1	0+((1+9)*1)	((0+1)+9)/1	(0+1)+(9/1)	0+((1+9)/1)	((0+1)*9)+1	(0+(1*9))+1	((1+9)-0)*1	((1+9)*1)-0	((1+9)-0)/1	((1+9)/1)-0	(1+(9/1))-0	((1*9)+1)-0	1-((0-1)*9)	((0+9)*1)+1	((0+9)/1)+1	1-((0-9)*1)	1-((0-9)/1)	(1/(0+1))+9	9-(1/(0-1))	(1+9)/(0+1)	1+(9/(0+1))	(1+9)/(1-0)	1-(9/(0-1))				
0124	6	((0+1)+4)*2	0+((1+4)*2)	((1+4)-0)*2	((1+4)*2)-0	(0+2)*(1+4)	(2-0)*(1+4)																																																																												
0125	44	((0+1)*2)*5	(0+(1*2))*5	0+((1*2)*5)	((1-0)*2)*5	((1*2)-0)*5	((1*2)*5)-0	((0*1)+2)*5	(0*1)+(2*5)	(2-(0*1))*5	(2*5)-(0*1)	((0/1)+2)*5	(0/1)+(2*5)	(2-(0/1))*5	(2*5)-(0/1)	(0+(1*5))*2	((1*5)-0)*2	((0*1)+5)*2	(5-(0*1))*2	((0/1)+5)*2	(5-(0/1))*2	((0+2)*1)*5	((0+2)/1)*5	(0+(2/1))*5	0+((2/1)*5)	((2-0)*1)*5	((2-0)/1)*5	((2/1)-0)*5	((2/1)*5)-0	(0+(2*5))*1	(0+(2*5))/1	((2*5)-0)*1	((2*5)-0)/1	((0+5)*1)*2	((0+5)/1)*2	(0+(5/1))*2	((5-0)*1)*2	((5-0)/1)*2	((5/1)-0)*2	(2/(0+1))*5	2/(0+(1/5))	(2/(1-0))*5	2/((1/5)-0)	5/(0+(1/2))	5/((1/2)-0)
0126	6	(6-(0+1))*2	((6-1)*2)-0	((0-1)+6)*2	0-((1-6)*2)	(0+2)*(6-1)	(0-2)*(1-6)																																																																												
0127	2	((0+1)+2)+7	((1+2)+7)-0																																																																																				
0128	40	((0+1)*2)+8	(0+(1*2))+8	(0+1)*(2+8)	0+(1*(2+8))	(1-0)*(2+8)	((1*2)+8)-0	(1*(2+8))-0	8-((0-1)*2)	((0*1)+2)+8	(2+8)-(0*1)	((0/1)+2)+8	(2+8)-(0/1)	((0+1)*8)+2	(0+(1*8))+2	((1*8)+2)-0	2-((0-1)*8)	((0+2)*1)+8	((0+2)/1)+8	(0+(2/1))+8	8-((0-2)*1)	((2/1)+8)-0	8-((0-2)/1)	((0+2)+8)*1	((0+2)+8)/1	(0+2)+(8/1)	0+((2+8)/1)	((2+8)-0)*1	((2+8)-0)/1	((2+8)/1)-0	(2+(8/1))-0	((0+8)*1)+2	((0+8)/1)+2	2-((0-8)*1)	2-((0-8)/1)	(2/(0+1))+8	8-(2/(0-1))	(2+8)/(0+1)	2+(8/(0+1))	(2+8)/(1-0)	2-(8/(0-1))								
0129	6	(2+9)-(0+1)	((0-1)+2)+9	((0*2)+1)+9	(1+9)-(0*2)	((0/2)+1)+9	(1+9)-(0/2)																																																																												
0133	4	(0+1)+(3*3)	(1+(3*3))-0	((0+3)*3)+1	1-((0-3)*3)																																																																																
0135	6	(3-(0+1))*5	((3-1)*5)-0	((0-1)+3)*5	0-((1-3)*5)	(0+5)*(3-1)	(0-5)*(1-3)																																																																												
0136	2	((0+1)+3)+6	((1+3)+6)-0																																																																																				
0137	40	((0+1)*3)+7	(0+(1*3))+7	(0+1)*(3+7)	0+(1*(3+7))	(1-0)*(3+7)	((1*3)+7)-0	(1*(3+7))-0	7-((0-1)*3)	((0*1)+3)+7	(3+7)-(0*1)	((0/1)+3)+7	(3+7)-(0/1)	((0+1)*7)+3	(0+(1*7))+3	((1*7)+3)-0	3-((0-1)*7)	((0+3)*1)+7	((0+3)/1)+7	(0+(3/1))+7	7-((0-3)*1)	((3/1)+7)-0	7-((0-3)/1)	((0+3)+7)*1	((0+3)+7)/1	(0+3)+(7/1)	0+((3+7)/1)	((3+7)-0)*1	((3+7)-0)/1	((3+7)/1)-0	(3+(7/1))-0	((0+7)*1)+3	((0+7)/1)+3	3-((0-7)*1)	3-((0-7)/1)	(3/(0+1))+7	7-(3/(0-1))	(3+7)/(0+1)	3+(7/(0+1))	(3+7)/(1-0)	3-(7/(0-1))								
0138	2	(3+8)-(0+1)	((0-1)+3)+8																																																																																				
0139	4	((0*3)+1)+9	(1+9)-(0*3)	((0/3)+1)+9	(1+9)-(0/3)																																																																																
0145	2	((0+1)+4)+5	((1+4)+5)-0																																																																																				
0146	40	((0+1)*4)+6	(0+(1*4))+6	(0+1)*(4+6)	0+(1*(4+6))	(1-0)*(4+6)	((1*4)+6)-0	(1*(4+6))-0	6-((0-1)*4)	((0*1)+4)+6	(4+6)-(0*1)	((0/1)+4)+6	(4+6)-(0/1)	((0+1)*6)+4	(0+(1*6))+4	((1*6)+4)-0	4-((0-1)*6)	((0+4)*1)+6	((0+4)/1)+6	(0+(4/1))+6	6-((0-4)*1)	((4/1)+6)-0	6-((0-4)/1)	((0+4)+6)*1	((0+4)+6)/1	(0+4)+(6/1)	0+((4+6)/1)	((4+6)-0)*1	((4+6)-0)/1	((4+6)/1)-0	(4+(6/1))-0	((0+6)*1)+4	((0+6)/1)+4	4-((0-6)*1)	4-((0-6)/1)	(4/(0+1))+6	6-(4/(0-1))	(4+6)/(0+1)	4+(6/(0+1))	(4+6)/(1-0)	4-(6/(0-1))								
0147	2	(4+7)-(0+1)	((0-1)+4)+7																																																																																				
0149	4	((0*4)+1)+9	(1+9)-(0*4)	((0/4)+1)+9	(1+9)-(0/4)																																																																																
0155	31	((0+1)*5)+5	(0+(1*5))+5	(0+1)*(5+5)	0+(1*(5+5))	(1-0)*(5+5)	((1*5)+5)-0	(1*(5+5))-0	5-((0-1)*5)	((0*1)+5)+5	(5+5)-(0*1)	((0/1)+5)+5	(5+5)-(0/1)	((0+5)*1)+5	((0+5)/1)+5	(0+(5/1))+5	5-((0-5)*1)	((5/1)+5)-0	5-((0-5)/1)	((0+5)+5)*1	((0+5)+5)/1	(0+5)+(5/1)	0+((5+5)/1)	((5+5)-0)*1	((5+5)-0)/1	((5+5)/1)-0	(5+(5/1))-0	(5/(0+1))+5	5-(5/(0-1))	(5+5)/(0+1)	5+(5/(0+1))	(5+5)/(1-0)																										
0156	2	(5+6)-(0+1)	((0-1)+5)+6																																																																																				
0159	4	((0*5)+1)+9	(1+9)-(0*5)	((0/5)+1)+9	(1+9)-(0/5)																																																																																
0169	4	((0*6)+1)+9	(1+9)-(0*6)	((0/6)+1)+9	(1+9)-(0/6)																																																																																
0179	4	((0*7)+1)+9	(1+9)-(0*7)	((0/7)+1)+9	(1+9)-(0/7)																																																																																
0189	4	((0*8)+1)+9	(1+9)-(0*8)	((0/8)+1)+9	(1+9)-(0/8)																																																																																
0199	4	((0*9)+1)+9	(1+9)-(0*9)	((0/9)+1)+9	(1+9)-(0/9)																																																																																
0223	8	(0+2)*(2+3)	0+(2*(2+3))	(2-0)*(2+3)	(2*(2+3))-0	((0+2)+3)*2	0+((2+3)*2)	((2+3)-0)*2	((2+3)*2)-0																																																																								
0224	8	(0+2)+(2*4)	(2+(2*4))-0	((0+2)*4)+2	(0+(2*4))+2	((2*4)+2)-0	2-((0-2)*4)	((0+4)*2)+2	2-((0-4)*2)																																																																								
0225	12	((0*2)+2)*5	(0*2)+(2*5)	(2-(0*2))*5	(2*5)-(0*2)	((0/2)+2)*5	(0/2)+(2*5)	(2-(0/2))*5	(2*5)-(0/2)	((0*2)+5)*2	(5-(0*2))*2	((0/2)+5)*2	(5-(0/2))*2																																																																
0226	14	((0+2)+2)+6	(2*6)-(0+2)	((0+2)*2)+6	(0+(2*2))+6	((2+2)+6)-0	(0-2)+(2*6)	((2*2)+6)-0	6-((0-2)*2)	((0+2)*6)-2	(0+(2*6))-2	((2-0)*6)-2	((2*6)-0)-2	((0+6)*2)-2	((6-0)*2)-2																																																												
0227	8	(0+2)*(7-2)	(2*(7-2))-0	(0-2)*(2-7)	0-(2*(2-7))	(7-(0+2))*2	((7-2)*2)-0	((0-2)+7)*2	0-((2-7)*2)																																																																								
0228	4	((0*2)+2)+8	(2+8)-(0*2)	((0/2)+2)+8	(2+8)-(0/2)																																																																																
0229	6	((0+2)/2)+9	(0+(2/2))+9	((2/2)+9)-0	9-((0-2)/2)	(2/(0+2))+9	9-(2/(0-2))																																																																												
0234	12	(3*4)-(0+2)	((0+2)*3)+4	(0+(2*3))+4	(0-2)+(3*4)	((2*3)+4)-0	4-((0-2)*3)	((0+3)*2)+4	4-((0-3)*2)	((0+3)*4)-2	((3-0)*4)-2	((0+4)*3)-2	((4-0)*3)-2																																																																
0235	14	((0+2)+3)+5	((2+3)+5)-0	((0*3)+2)*5	(0*3)+(2*5)	(2-(0*3))*5	(2*5)-(0*3)	((0/3)+2)*5	(0/3)+(2*5)	(2-(0/3))*5	(2*5)-(0/3)	((0*3)+5)*2	(5-(0*3))*2	((0/3)+5)*2	(5-(0/3))*2																																																												
0237	4	((0*2)+3)+7	(3+7)-(0*2)	((0/2)+3)+7	(3+7)-(0/2)																																																																																
0238	10	(0+2)*(8-3)	(2*(8-3))-0	(0-2)*(3-8)	0-(2*(3-8))	((0*3)+2)+8	(2+8)-(0*3)	((0/3)+2)+8	(2+8)-(0/3)	(8-(0+3))*2	((0-3)+8)*2																																																																				
0239	2	(3+9)-(0+2)	((0-2)+3)+9																																																																																				
0244	2	((0+2)+4)+4	((2+4)+4)-0																																																																																				
0245	36	(4-(0+2))*5	((4-2)*5)-0	((0-2)+4)*5	0-((2-4)*5)	((0+4)/2)*5	(0+(4/2))*5	0+((4/2)*5)	((4-0)/2)*5	((4/2)-0)*5	((4/2)*5)-0	((0*4)+2)*5	(0*4)+(2*5)	(2-(0*4))*5	(2*5)-(0*4)	((0/4)+2)*5	(0/4)+(2*5)	(2-(0/4))*5	(2*5)-(0/4)	(0+(4*5))/2	((4*5)-0)/2	((0*4)+5)*2	(5-(0*4))*2	((0/4)+5)*2	(5-(0/4))*2	(0+5)*(4-2)	((0+5)/2)*4	(0+(5/2))*4	(0-5)*(2-4)	((5-0)/2)*4	((5/2)-0)*4	(4/(0+2))*5	4/(0+(2/5))	(4/(2-0))*5	4/((2/5)-0)	5/(0+(2/4))	5/((2/4)-0)																
0246	4	((0*2)+4)+6	(4+6)-(0*2)	((0/2)+4)+6	(4+6)-(0/2)																																																																																
0247	6	((0+2)*7)-4	(0+(2*7))-4	((2-0)*7)-4	((2*7)-0)-4	((0+7)*2)-4	((7-0)*2)-4																																																																												
0248	12	(4+8)-(0+2)	((0-2)+4)+8	((0+4)/2)+8	(0+(4/2))+8	((4/2)+8)-0	8-((0-4)/2)	((0*4)+2)+8	(2+8)-(0*4)	((0/4)+2)+8	(2+8)-(0/4)	(4/(0+2))+8	8-(4/(0-2))																																																																
0249	6	(0+2)*(9-4)	(2*(9-4))-0	(0-2)*(4-9)	0-(2*(4-9))	(9-(0+4))*2	((0-4)+9)*2																																																																												
0255	16	((0*2)+5)+5	(5+5)-(0*2)	((0/2)+5)+5	(5+5)-(0/2)	((0*5)+2)*5	(0*5)+(2*5)	(2-(0*5))*5	(2*5)-(0*5)	((0/5)+2)*5	(0/5)+(2*5)	(2-(0/5))*5	(2*5)-(0/5)	((0*5)+5)*2	(5-(0*5))*2	((0/5)+5)*2	(5-(0/5))*2																																																								
0256	12	((0*6)+2)*5	(0*6)+(2*5)	(2-(0*6))*5	(2*5)-(0*6)	((0/6)+2)*5	(0/6)+(2*5)	(2-(0/6))*5	(2*5)-(0/6)	((0*6)+5)*2	(5-(0*6))*2	((0/6)+5)*2	(5-(0/6))*2																																																																
0257	14	(5+7)-(0+2)	((0-2)+5)+7	((0*7)+2)*5	(0*7)+(2*5)	(2-(0*7))*5	(2*5)-(0*7)	((0/7)+2)*5	(0/7)+(2*5)	(2-(0/7))*5	(2*5)-(0/7)	((0*7)+5)*2	(5-(0*7))*2	((0/7)+5)*2	(5-(0/7))*2																																																												
0258	16	((0*5)+2)+8	(2+8)-(0*5)	((0/5)+2)+8	(2+8)-(0/5)	((0*8)+2)*5	(0*8)+(2*5)	(2-(0*8))*5	(2*5)-(0*8)	((0/8)+2)*5	(0/8)+(2*5)	(2-(0/8))*5	(2*5)-(0/8)	((0*8)+5)*2	(5-(0*8))*2	((0/8)+5)*2	(5-(0/8))*2																																																								
0259	12	((0*9)+2)*5	(0*9)+(2*5)	(2-(0*9))*5	(2*5)-(0*9)	((0/9)+2)*5	(0/9)+(2*5)	(2-(0/9))*5	(2*5)-(0/9)	((0*9)+5)*2	(5-(0*9))*2	((0/9)+5)*2	(5-(0/9))*2																																																																
0266	2	(6+6)-(0+2)	((0-2)+6)+6																																																																																				
0267	6	((0+6)/2)+7	(0+(6/2))+7	((6/2)+7)-0	7-((0-6)/2)	(6/(0+2))+7	7-(6/(0-2))																																																																												
0268	16	((0+2)*8)-6	(0+(2*8))-6	((2-0)*8)-6	((2*8)-0)-6	((0*6)+2)+8	(2+8)-(0*6)	((0/6)+2)+8	(2+8)-(0/6)	(0+6)+(8/2)	(6+(8/2))-0	((0+8)*2)-6	((0+8)/2)+6	((8-0)*2)-6	6-((0-8)/2)	6+(8/(0+2))	6-(8/(0-2))																																																								
0278	4	((0*7)+2)+8	(2+8)-(0*7)	((0/7)+2)+8	(2+8)-(0/7)																																																																																
0288	4	((0*8)+2)+8	(2+8)-(0*8)	((0/8)+2)+8	(2+8)-(0/8)																																																																																
0289	10	((0+2)*9)-8	(0+(2*9))-8	((2-0)*9)-8	((2*9)-0)-8	((0+9)*2)-8	((9-0)*2)-8	((0*9)+2)+8	(2+8)-(0*9)	((0/9)+2)+8	(2+8)-(0/9)																																																																				
0334	2	((0+3)+3)+4	((3+3)+4)-0																																																																																				
0337	4	((0*3)+3)+7	(3+7)-(0*3)	((0/3)+3)+7	(3+7)-(0/3)																																																																																
0339	6	((0+3)/3)+9	(0+(3/3))+9	((3/3)+9)-0	9-((0-3)/3)	(3/(0+3))+9	9-(3/(0-3))																																																																												
0346	4	((0*3)+4)+6	(4+6)-(0*3)	((0/3)+4)+6	(4+6)-(0/3)																																																																																
0347	4	((0*4)+3)+7	(3+7)-(0*4)	((0/4)+3)+7	(3+7)-(0/4)																																																																																
0349	2	(4+9)-(0+3)	((0-3)+4)+9																																																																																				
0355	16	(5-(0+3))*5	((5-3)*5)-0	((0+3)*5)-5	(0+(3*5))-5	((0-3)+5)*5	0-((3-5)*5)	((3-0)*5)-5	((3*5)-0)-5	((0*3)+5)+5	(5+5)-(0*3)	((0/3)+5)+5	(5+5)-(0/3)	((0+5)*3)-5	(0+5)*(5-3)	((5-0)*3)-5	(0-5)*(3-5)																																																								
0356	18	((0+5)/3)*6	(0+(5/3))*6	0+((5/3)*6)	((5-0)/3)*6	((5/3)-0)*6	((5/3)*6)-0	(0+(5*6))/3	((5*6)-0)/3	((0+6)/3)*5	(0+(6/3))*5	((6-0)/3)*5	((6/3)-0)*5	(5/(0+3))*6	5/(0+(3/6))	(5/(3-0))*6	5/((3/6)-0)	6/(0+(3/5))	6/((3/5)-0)																																																				
0357	4	((0*5)+3)+7	(3+7)-(0*5)	((0/5)+3)+7	(3+7)-(0/5)																																																																																
0358	2	(5+8)-(0+3)	((0-3)+5)+8																																																																																				
0367	6	(6+7)-(0+3)	((0-3)+6)+7	((0*6)+3)+7	(3+7)-(0*6)	((0/6)+3)+7	(3+7)-(0/6)																																																																												
0368	12	((0+3)*6)-8	(0+(3*6))-8	((3-0)*6)-8	((3*6)-0)-8	((0+6)*3)-8	((0+6)/3)+8	(0+(6/3))+8	((6-0)*3)-8	((6/3)+8)-0	8-((0-6)/3)	(6/(0+3))+8	8-(6/(0-3))																																																																
0377	4	((0*7)+3)+7	(3+7)-(0*7)	((0/7)+3)+7	(3+7)-(0/7)																																																																																
0378	4	((0*8)+3)+7	(3+7)-(0*8)	((0/8)+3)+7	(3+7)-(0/8)																																																																																
0379	10	(0+7)+(9/3)	(7+(9/3))-0	((0+9)/3)+7	7-((0-9)/3)	((0*9)+3)+7	(3+7)-(0*9)	((0/9)+3)+7	(3+7)-(0/9)	7+(9/(0+3))	7-(9/(0-3))																																																																				
0446	8	((0+4)*4)-6	(0+(4*4))-6	((4-0)*4)-6	((4*4)-0)-6	((0*4)+4)+6	(4+6)-(0*4)	((0/4)+4)+6	(4+6)-(0/4)																																																																								
0449	6	((0+4)/4)+9	(0+(4/4))+9	((4/4)+9)-0	9-((0-4)/4)	(4/(0+4))+9	9-(4/(0-4))																																																																												
0455	4	((0*4)+5)+5	(5+5)-(0*4)	((0/4)+5)+5	(5+5)-(0/4)																																																																																
0456	10	(6-(0+4))*5	((6-4)*5)-0	((0-4)+6)*5	0-((4-6)*5)	(0+5)*(6-4)	(0-5)*(4-6)	((0*5)+4)+6	(4+6)-(0*5)	((0/5)+4)+6	(4+6)-(0/5)																																																																				
0458	18	((0+5)/4)*8	(0+(5/4))*8	0+((5/4)*8)	((5-0)/4)*8	((5/4)-0)*8	((5/4)*8)-0	(0+(5*8))/4	((5*8)-0)/4	((0+8)/4)*5	(0+(8/4))*5	((8-0)/4)*5	((8/4)-0)*5	(5/(0+4))*8	5/(0+(4/8))	(5/(4-0))*8	5/((4/8)-0)	8/(0+(4/5))	8/((4/5)-0)																																																				
0459	2	(5+9)-(0+4)	((0-4)+5)+9																																																																																				
0466	4	((0*6)+4)+6	(4+6)-(0*6)	((0/6)+4)+6	(4+6)-(0/6)																																																																																
0467	4	((0*7)+4)+6	(4+6)-(0*7)	((0/7)+4)+6	(4+6)-(0/7)																																																																																
0468	6	(6+8)-(0+4)	((0-4)+6)+8	((0*8)+4)+6	(4+6)-(0*8)	((0/8)+4)+6	(4+6)-(0/8)																																																																												
0469	4	((0*9)+4)+6	(4+6)-(0*9)	((0/9)+4)+6	(4+6)-(0/9)																																																																																
0477	2	(7+7)-(0+4)	((0-4)+7)+7																																																																																				
0488	9	((0+8)/4)+8	(0+(8/4))+8	((8/4)+8)-0	8-((0-8)/4)	(0+8)+(8/4)	(8+(8/4))-0	(8/(0+4))+8	8-(8/(0-4))	8+(8/(0+4))																																																																						
0555	4	((0*5)+5)+5	(5+5)-(0*5)	((0/5)+5)+5	(5+5)-(0/5)																																																																																
0556	4	((0*6)+5)+5	(5+5)-(0*6)	((0/6)+5)+5	(5+5)-(0/6)																																																																																
0557	12	(0+5)*(7-5)	(5*(7-5))-0	(0-5)*(5-7)	0-(5*(5-7))	(7-(0+5))*5	((7-5)*5)-0	((0-5)+7)*5	0-((5-7)*5)	((0*7)+5)+5	(5+5)-(0*7)	((0/7)+5)+5	(5+5)-(0/7)																																																																
0558	4	((0*8)+5)+5	(5+5)-(0*8)	((0/8)+5)+5	(5+5)-(0/8)																																																																																
0559	10	((0+5)/5)+9	(0+(5/5))+9	((5/5)+9)-0	9-((0-5)/5)	((0*9)+5)+5	(5+5)-(0*9)	((0/9)+5)+5	(5+5)-(0/9)	(5/(0+5))+9	9-(5/(0-5))																																																																				
0568	6	(0+5)*(8-6)	(5*(8-6))-0	(0-5)*(6-8)	0-(5*(6-8))	(8-(0+6))*5	((0-6)+8)*5																																																																												
0569	2	(6+9)-(0+5)	((0-5)+6)+9																																																																																				
0578	2	(7+8)-(0+5)	((0-5)+7)+8																																																																																				
0579	6	(0+5)*(9-7)	(5*(9-7))-0	(0-5)*(7-9)	0-(5*(7-9))	(9-(0+7))*5	((0-7)+9)*5																																																																												
0669	6	((0+6)/6)+9	(0+(6/6))+9	((6/6)+9)-0	9-((0-6)/6)	(6/(0+6))+9	9-(6/(0-6))																																																																												
0679	2	(7+9)-(0+6)	((0-6)+7)+9																																																																																				
0688	2	(8+8)-(0+6)	((0-6)+8)+8																																																																																				
0779	6	((0+7)/7)+9	(0+(7/7))+9	((7/7)+9)-0	9-((0-7)/7)	(7/(0+7))+9	9-(7/(0-7))																																																																												
0789	2	(8+9)-(0+7)	((0-7)+8)+9																																																																																				
0889	6	((0+8)/8)+9	(0+(8/8))+9	((8/8)+9)-0	9-((0-8)/8)	(8/(0+8))+9	9-(8/(0-8))																																																																												
0899	2	(9+9)-(0+8)	((0-8)+9)+9																																																																																				
0999	9	(0+9)+(9/9)	((0+9)/9)+9	(0+(9/9))+9	(9+(9/9))-0	((9/9)+9)-0	9-((0-9)/9)	(9/(0+9))+9	9-(9/(0-9))	9+(9/(0+9))																																																																						
1114	2	(1+1)*(1+4)	(1+4)*(1+1)																																																																																				
1115	7	((1+1)*1)*5	(1+(1*1))*5	((1+1)/1)*5	(1+(1/1))*5	((1*1)+1)*5	(1*(1+1))*5	((1/1)+1)*5																																																																										
1116	2	(1+1)*(6-1)	(6-1)*(1+1)																																																																																				
1117	1	((1+1)+1)+7																																																																																						
1118	20	(1+1)+(1*8)	((1+1)*1)+8	(1+(1*1))+8	1+(1*(1+8))	((1+1)/1)+8	(1+(1/1))+8	((1*1)+1)+8	(1*(1+1))+8	1*((1+1)+8)	((1/1)+1)+8	((1+1)+8)*1	1+((1+8)*1)	((1+1)+8)/1	(1+1)+(8/1)	1+((1+8)/1)	(1+(1*8))+1	(1*(1+8))+1	((1+8)*1)+1	((1+8)/1)+1	((1*8)+1)+1																																																
1119	41	((1+1)-1)+9	1+((1*1)*9)	1+((1/1)*9)	((1-1)+1)+9	((1+1)+9)-1	(1*1)+(1*9)	1*(1+(1*9))	((1*1)*1)+9	(1*1)*(1+9)	1*((1*1)+9)	((1*1)/1)+9	1*((1/1)+9)	(1/1)+(1*9)	((1/1)*1)+9	(1/(1*1))+9	(1/1)*(1+9)	(1+(1*9))*1	(1+(1*9))/1	((1*1)+9)*1	(1*(1+9))*1	((1*1)+9)/1	(1*(1+9))/1	(1*1)+(9/1)	1*(1+(9/1))	((1*1)*9)+1	1*((1*9)+1)	((1/1)+9)*1	((1/1)+9)/1	(1/1)+(9/1)	((1/1)*9)+1	((1+9)*1)*1	((1+9)*1)/1	((1+9)/1)*1	(1+(9/1))*1	(1+9)/(1*1)	1+(9/(1*1))	(1+(9/1))/1	((1*9)+1)*1	(1*9)+(1*1)	((1*9)+1)/1	(1*9)+(1/1)						
1123	4	1+((1+2)*3)	(1+1)*(2+3)	((1+1)+3)*2	((1+2)*3)+1																																																																																
1124	10	(1+1)+(2*4)	((1+1)*4)+2	(1+(1*4))*2	((1*1)+4)*2	(1*(1+4))*2	((1/1)+4)*2	((1+4)*1)*2	((1+4)/1)*2	(1+(4/1))*2	((1*4)+1)*2																																																																				
1125	10	((1-1)+2)*5	((1+2)-1)*5	(1-1)+(2*5)	(1+(2*5))-1	((1*1)*2)*5	((1/1)*2)*5	((1-1)+5)*2	((1+5)-1)*2	(2/(1*1))*5	5/(1-(1/2))																																																																				
1126	11	((1+1)+2)+6	(2*6)-(1+1)	((1+1)*2)+6	((1+1)*6)-2	((1*6)-1)*2	(6-(1*1))*2	(1*(6-1))*2	(6-(1/1))*2	((6-1)*1)*2	((6-1)/1)*2	((6/1)-1)*2																																																																		
1127	22	(1+(1*2))+7	1+(1*(2+7))	(1+1)*(7-2)	((1*1)+2)+7	(1*(1+2))+7	1*((1+2)+7)	((1/1)+2)+7	(7-(1+1))*2	(1+(1*7))+2	(1*(1+7))+2	((1+2)*1)+7	((1+2)/1)+7	(1+(2/1))+7	((1*2)+1)+7	((1+2)+7)*1	((1+2)+7)/1	(1+2)+(7/1)	1+((2+7)/1)	(1*(2+7))+1	((1+7)*1)+2	((1+7)/1)+2	((1*7)+1)+2																																												
1128	26	((1-1)+2)+8	((1+2)+8)-1	((1*1)*2)+8	(1*1)*(2+8)	1*((1*2)+8)	((1/1)*2)+8	(1/1)*(2+8)	((1*1)*8)+2	1*((1*8)+2)	((1/1)*8)+2	(1*2)+(1*8)	1*((2/1)+8)	((1*2)+8)*1	((1*2)+8)/1	(1*2)+(8/1)	1*(2+(8/1))	(1*8)+(1*2)	((1*8)+2)*1	((1*8)+2)/1	(1*8)+(2/1)	(2/(1*1))+8	((2/1)+8)/1	(2/1)+(8/1)	(2+8)/(1*1)	2+(8/(1*1))	(2+(8/1))/1																																				
1129	27	((1+1)/2)+9	1-((1-2)*9)	((1*2)+9)-1	(1*(2+9))-1	(2+9)-(1*1)	1*((2+9)-1)	9-(1*(1-2))	(2+9)-(1/1)	9-(1/(1-2))	((1*9)+2)-1	2-(1*(1-9))	(2-1)*(1+9)	9-((1-2)*1)	((2/1)+9)-1	9-((1-2)/1)	((1*2)-1)+9	((2+9)-1)*1	((2+9)-1)/1	((2+9)/1)-1	(2+(9/1))-1	(1+9)*(2-1)	(1+9)/(2-1)	2-((1-9)*1)	2-((1-9)/1)	1-(9/(1-2))	((1*9)-1)+2	(2/(1+1))+9																																		
1133	8	1+((1*3)*3)	(1*1)+(3*3)	1*(1+(3*3))	(1/1)+(3*3)	1+((3/1)*3)	(1+(3*3))*1	(1+(3*3))/1	((1*3)*3)+1																																																																								
1134	5	(3*4)-(1+1)	((1+1)*3)+4	1-((1-4)*3)	(3-1)*(1+4)	(1+4)*(3-1)																																																																														
1135	8	((1+1)+3)+5	((1*3)-1)*5	(3-(1*1))*5	(1*(3-1))*5	(3-(1/1))*5	((3-1)*1)*5	((3-1)/1)*5	((3/1)-1)*5																																																																								
1136	22	(1+(1*3))+6	1+(1*(3+6))	((1*1)+3)+6	(1*(1+3))+6	1*((1+3)+6)	((1/1)+3)+6	(1+(1*6))+3	(1*(1+6))+3	((1+3)*1)+6	((1+3)/1)+6	(1+(3/1))+6	(1-3)*(1-6)	((1*3)+1)+6	((1+3)+6)*1	((1+3)+6)/1	(1+3)+(6/1)	1+((3+6)/1)	(1*(3+6))+1	((1+6)*1)+3	((1+6)/1)+3	(1-6)*(1-3)	((1*6)+1)+3																																												
1137	26	((1-1)+3)+7	((1+3)+7)-1	((1*1)*3)+7	(1*1)*(3+7)	1*((1*3)+7)	((1/1)*3)+7	(1/1)*(3+7)	((1*1)*7)+3	1*((1*7)+3)	((1/1)*7)+3	(1*3)+(1*7)	1*((3/1)+7)	((1*3)+7)*1	((1*3)+7)/1	(1*3)+(7/1)	1*(3+(7/1))	(1*7)+(1*3)	((1*7)+3)*1	((1*7)+3)/1	(1*7)+(3/1)	(3/(1*1))+7	((3/1)+7)/1	(3/1)+(7/1)	(3+7)/(1*1)	3+(7/(1*1))	(3+(7/1))/1																																				
1138	20	(1+1)*(8-3)	((1*3)+8)-1	(1*(3+8))-1	(3+8)-(1*1)	1*((3+8)-1)	8-(1*(1-3))	(3+8)-(1/1)	((1*8)+3)-1	3-(1*(1-8))	8-((1-3)*1)	((3/1)+8)-1	8-((1-3)/1)	((1*3)-1)+8	((3+8)-1)*1	((3+8)-1)/1	((3+8)/1)-1	(3+(8/1))-1	3-((1-8)*1)	3-((1-8)/1)	((1*8)-1)+3																																																
1139	1	(3+9)-(1+1)																																																																																						
1144	1	((1+1)+4)+4																																																																																						
1145	22	(4-(1+1))*5	(1+(1*4))+5	1+(1*(4+5))	((1*1)+4)+5	(1*(1+4))+5	1*((1+4)+5)	((1/1)+4)+5	(1+(1*5))+4	(1*(1+5))+4	((1+4)*1)+5	((1+4)/1)+5	(1+(4/1))+5	((1*4)+1)+5	((1+4)+5)*1	((1+4)+5)/1	(1+4)+(5/1)	1+((4+5)/1)	(1*(4+5))+1	((1+5)*1)+4	((1+5)/1)+4	((1*5)+1)+4	(4/(1+1))*5																																												
1146	26	((1-1)+4)+6	((1+4)+6)-1	((1*1)*4)+6	(1*1)*(4+6)	1*((1*4)+6)	((1/1)*4)+6	(1/1)*(4+6)	((1*1)*6)+4	1*((1*6)+4)	((1/1)*6)+4	(1*4)+(1*6)	1*((4/1)+6)	((1*4)+6)*1	((1*4)+6)/1	(1*4)+(6/1)	1*(4+(6/1))	(1*6)+(1*4)	((1*6)+4)*1	((1*6)+4)/1	(1*6)+(4/1)	(4/(1*1))+6	((4/1)+6)/1	(4/1)+(6/1)	(4+6)/(1*1)	4+(6/(1*1))	(4+(6/1))/1																																				
1147	20	((1*4)+7)-1	(1*(4+7))-1	(4+7)-(1*1)	1*((4+7)-1)	7-(1*(1-4))	(4+7)-(1/1)	((1+1)*7)-4	((1*7)+4)-1	4-(1*(1-7))	7-((1-4)*1)	((4/1)+7)-1	7-((1-4)/1)	((1*4)-1)+7	((4+7)-1)*1	((4+7)-1)/1	((4+7)/1)-1	(4+(7/1))-1	4-((1-7)*1)	4-((1-7)/1)	((1*7)-1)+4																																																
1148	4	(4+8)-(1+1)	(1+(1/4))*8	((1/4)+1)*8	(4/(1+1))+8																																																																																
1149	1	(1+1)*(9-4)																																																																																						
1155	19	((1-1)+5)+5	((1+5)+5)-1	((1*1)*5)+5	(1*1)*(5+5)	1*((1*5)+5)	((1/1)*5)+5	(1/1)*(5+5)	(1*5)+(1*5)	1*((5/1)+5)	((1*5)+5)*1	((1*5)+5)/1	(1*5)+(5/1)	1*(5+(5/1))	(5/(1*1))+5	((5/1)+5)/1	(5/1)+(5/1)	(5+5)/(1*1)	5+(5/(1*1))	(5+(5/1))/1																																																		
1156	19	((1*5)+6)-1	(1*(5+6))-1	(5+6)-(1*1)	1*((5+6)-1)	6-(1*(1-5))	(5+6)-(1/1)	((1*6)+5)-1	5-(1*(1-6))	6-((1-5)*1)	((5/1)+6)-1	6-((1-5)/1)	((1*5)-1)+6	((5+6)-1)*1	((5+6)-1)/1	((5+6)/1)-1	(5+(6/1))-1	5-((1-6)*1)	5-((1-6)/1)	((1*6)-1)+5																																																		
1157	1	(5+7)-(1+1)																																																																																						
1158	1	8/(1-(1/5))																																																																																						
1166	1	(6+6)-(1+1)																																																																																						
1167	1	(6/(1+1))+7																																																																																						
1168	2	((1+1)*8)-6	6+(8/(1+1))																																																																																				
1189	1	((1+1)*9)-8																																																																																						
1199	2	(1+(1/9))*9	((1/9)+1)*9																																																																																				
1222	2	((1+2)+2)*2	(1+(2*2))*2																																																																																				
1223	12	(1*2)*(2+3)	((2*3)-1)*2	((1*2)+3)*2	(1*(2+3))*2	((1+3)*2)+2	((1*3)+2)*2	(2/1)*(2+3)	((2/1)+3)*2	2*((2/1)+3)	2*(2+(3/1))	((2+3)/1)*2	(2+(3/1))*2																																																																
1224	14	((1+2)*2)+4	(1*2)+(2*4)	1*(2+(2*4))	((1/2)+2)*4	((1+2)*4)-2	((2+4)-1)*2	((1*2)*4)+2	1*((2*4)+2)	(2/1)+(2*4)	((2/1)*4)+2	2+((2/1)*4)	(2+(2*4))/1	((2*4)+2)/1	(2*4)+(2/1)																																																												
1225	7	((1+2)+2)+5	(1+(2*2))+5	(1+(2/2))*5	((2-1)*2)*5	((1+5)*2)-2	2-((1-5)*2)	(2/(2-1))*5																																																																										
1226	25	((1*2)+2)+6	(1*(2+2))+6	1*((2+2)+6)	(2*6)-(1*2)	1*((2*6)-2)	((1*2)*2)+6	1*((2*2)+6)	((1-2)+6)*2	(1*(2+6))+2	((1*2)*6)-2	((1*6)+2)+2	(1*6)+(2*2)	((2/1)+2)+6	(2*6)-(2/1)	((2/1)*2)+6	((2/1)*6)-2	((2+2)/1)+6	(2+(2/1))+6	((2+2)+6)/1	(2+2)+(6/1)	2+((2+6)/1)	((2*6)-2)/1	((2*2)+6)/1	(2*2)+(6/1)	((2+6)/1)+2																																						
1227	13	((2+2)+7)-1	((2*2)+7)-1	(1*2)*(7-2)	(7-(1*2))*2	(1*(7-2))*2	((7-1)*2)-2	((1*7)-2)*2	(2/1)*(7-2)	(7-(2/1))*2	2*(7-(2/1))	2*((7/1)-2)	((7-2)/1)*2	((7/1)-2)*2																																																														
1228	9	(1+(2/2))+8	(2-1)*(2+8)	8-((1-2)*2)	(8-(1+2))*2	2-((1-2)*8)	(1+(8/2))*2	8-(2/(1-2))	(2+8)/(2-1)	2-(8/(1-2))																																																																						
1229	12	((1+2)-2)+9	1+((2/2)*9)	((1-2)+2)+9	((1*2)/2)+9	1*((2/2)+9)	((1/2)*2)+9	((1+9)*2)/2	((1+9)/2)*2	(1*9)+(2/2)	(2/(1*2))+9	((2/2)+9)/1	(2/2)+(9/1)																																																																
1233	5	(1+(2*3))+3	(2+(3*3))-1	(3-1)*(2+3)	((1+3)*3)-2	((3+3)-1)*2																																																																														
1234	17	((1+2)+3)+4	(3*4)-(1*2)	1*((3*4)-2)	((1*2)*3)+4	1*((2*3)+4)	(3-(1/2))*4	((2*4)+3)-1	(1+(3/2))*4	2-((1-3)*4)	((1*3)*4)-2	(1*4)+(2*3)	(3*4)-(2/1)	((2/1)*3)+4	((3/1)*4)-2	((3*4)-2)/1	((2*3)+4)/1	(2*3)+(4/1)																																																						
1235	20	((1-2)+3)*5	((2*3)+5)-1	((1*2)+3)+5	(1*(2+3))+5	1*((2+3)+5)	1-((2-5)*3)	(1*(2+5))+3	((1+3)/2)*5	((1*3)+2)+5	(1*(3+5))+2	((1*5)+2)+3	((5-1)*3)-2	((2/1)+3)+5	((2+3)/1)+5	(2+(3/1))+5	((2+3)+5)/1	(2+3)+(5/1)	2+((3+5)/1)	((2+5)/1)+3	5/((3/2)-1)																																																
1236	7	(1+(2/3))*6	((2+3)+6)-1	(1+(2*6))-3	1+((3/2)*6)	6-((1-3)*2)	(2-(1/3))*6	((3-1)*6)-2																																																																										
1237	10	(2-1)*(3+7)	7-((1-2)*3)	((2*7)-1)-3	3-((1-2)*7)	(1-3)*(2-7)	((1-3)+7)*2	((3*7)-1)/2	7-(3/(1-2))	(3+7)/(2-1)	3-(7/(1-2))																																																																				
1238	8	((1-2)+3)+8	(1*2)*(8-3)	((1+3)/2)+8	(8-(1*3))*2	((1*8)-3)*2	(2/1)*(8-3)	2*(8-(3/1))	2*((8/1)-3)																																																																								
1239	24	((1+2)/3)+9	1-((2-3)*9)	(3+9)-(1*2)	1*((3+9)-2)	9-(1*(2-3))	9-(1/(2-3))	3-(1*(2-9))	9-((1-3)/2)	((1*3)-2)+9	(9-(1+3))*2	(1*(3+9))-2	(1+9)*(3-2)	(1+9)/(3-2)	1-(9/(2-3))	((1*9)-2)+3	(3+9)-(2/1)	9-(2/(1-3))	((3/1)+9)-2	9-((2-3)/1)	((3+9)-2)/1	((3+9)/1)-2	(3+(9/1))-2	3-((2-9)/1)	(3/(1+2))+9																																								
1244	15	((1*2)+4)+4	(1*(2+4))+4	1*((2+4)+4)	(1+4)*(4-2)	((1+4)/2)*4	4-((1-4)*2)	((1*4)+2)+4	((4-1)*4)-2	(1*(4+4))+2	((2/1)+4)+4	((2+4)/1)+4	(2+(4/1))+4	((2+4)+4)/1	(2+4)+(4/1)	2+((4+4)/1)																																																										
1245	11	((2+4)+5)-1	(4-(1*2))*5	(1*(4-2))*5	((1/2)*4)*5	((1*4)-2)*5	(4-(2/1))*5	2/(1-(4/5))	((4-2)/1)*5	((4/1)-2)*5	(4/(1*2))*5	5/(1-(2/4))																																																																		
1246	9	(2-1)*(4+6)	6-((1-2)*4)	4-((1-2)*6)	((1+6)*2)-4	(1-6)*(2-4)	((6-1)/2)*4	6-(4/(1-2))	(4+6)/(2-1)	4-(6/(1-2))																																																																						
1247	9	((1-2)+4)+7	((1*2)*7)-4	1*((2*7)-4)	(1+(4/2))+7	(2*7)-(1*4)	((7/2)-1)*4	((2/1)*7)-4	((2*7)-4)/1	(2*7)-(4/1)																																																																						
1248	22	(4+8)-(1*2)	1*((4+8)-2)	8-(1*(2-4))	((1/2)*4)+8	4-(1*(2-8))	((1*4)-2)+8	1*((4/2)+8)	((1-4)+8)*2	(1*(4+8))-2	((8-1)*2)-4	((1*8)-2)+4	(1*8)+(4/2)	(4+8)-(2/1)	((4/1)+8)-2	8-((2-4)/1)	((4+8)-2)/1	((4+8)/1)-2	(4+(8/1))-2	4-((2-8)/1)	(4/(1*2))+8	((4/2)+8)/1	(4/2)+(8/1)																																												
1249	8	(4+9)-(1+2)	(1*2)*(9-4)	((4/2)+9)-1	(9-(1*4))*2	((1*9)-4)*2	(2/1)*(9-4)	2*(9-(4/1))	2*((9/1)-4)																																																																								
1255	7	(5-(1+2))*5	((1+2)*5)-5	(2-1)*(5+5)	5-((1-2)*5)	((5-1)/2)*5	5-(5/(1-2))	(5+5)/(2-1)																																																																										
1256	5	((1-2)+5)+6	((6/2)-1)*5	2/((6/5)-1)	(5/(1+2))*6	6/(1-(2/5))																																																																														
1257	16	(5+7)-(1*2)	1*((5+7)-2)	7-(1*(2-5))	(1+(2*7))-5	5-(1*(2-7))	((1+5)/2)+7	((1*5)-2)+7	(1*(5+7))-2	((1*7)-2)+5	(5+7)-(2/1)	((5/1)+7)-2	7-((2-5)/1)	((5+7)-2)/1	((5+7)/1)-2	(5+(7/1))-2	5-((2-7)/1)																																																								
1258	4	(5+8)-(1+2)	((2*8)-1)-5	8-((1-5)/2)	(1+5)+(8/2)																																																																																
1259	2	((1-5)+9)*2	((1+9)/2)+5																																																																																				
1266	13	(6+6)-(1*2)	1*((6+6)-2)	6-(1*(2-6))	(1+(6/2))+6	((1*6)-2)+6	(1+6)+(6/2)	(1*(6+6))-2	(6+6)-(2/1)	((6/1)+6)-2	6-((2-6)/1)	((6+6)-2)/1	((6+6)/1)-2	(6+(6/1))-2																																																														
1267	9	(6+7)-(1+2)	((1/2)*6)+7	1*((6/2)+7)	((1+7)*2)-6	((1+7)/2)+6	(1*7)+(6/2)	(6/(1*2))+7	((6/2)+7)/1	(6/2)+(7/1)																																																																						
1268	15	((1+2)*6)-8	((1*2)*8)-6	1*((2*8)-6)	((1/2)*8)+6	((6/2)+8)-1	(2*8)-(1*6)	(1*6)+(8/2)	1*(6+(8/2))	((2/1)*8)-6	((2*8)-6)/1	(2*8)-(6/1)	(6/(1+2))+8	(6/1)+(8/2)	6+(8/(1*2))	(6+(8/2))/1																																																										
1269	2	((9-1)*2)-6	6-((1-9)/2)																																																																																				
1277	1	7-((1-7)/2)																																																																																						
1278	2	(1+(2*8))-7	(7+(8/2))-1																																																																																				
1279	2	((2*9)-1)-7	7+(9/(1+2))																																																																																				
1288	2	(1+(2/8))*8	((1+8)*2)-8																																																																																				
1289	6	((1*2)*9)-8	1*((2*9)-8)	(2*9)-(1*8)	((2/1)*9)-8	((2*9)-8)/1	(2*9)-(8/1)																																																																												
1299	2	(1+(2*9))-9	1+((9+9)/2)																																																																																				
1333	2	((1+3)+3)+3	((1/3)+3)*3																																																																																				
1334	15	(1-3)+(3*4)	4-((1-3)*3)	((1*3)+3)+4	(1*(3+3))+4	1*((3+3)+4)	(1+(3*4))-3	(1*(3+4))+3	((1*4)+3)+3	((3/1)+3)+4	((3+3)/1)+4	(3+(3/1))+4	((3+3)+4)/1	(3+3)+(4/1)	3+((3+4)/1)	((3+4)/1)+3																																																										
1335	2	(1+(3/3))*5	((3+3)+5)-1																																																																																				
1336	2	1-(3*(3-6))	1-((3-6)*3)																																																																																				
1337	1	(1+(7/3))*3																																																																																						
1338	2	(1+(3/3))+8	(1-3)*(3-8)																																																																																				
1339	12	((1+3)-3)+9	1+((3/3)*9)	((1-3)+3)+9	((1*3)/3)+9	1*((3/3)+9)	((1/3)*3)+9	((1+9)*3)/3	((1+9)/3)*3	(1*9)+(3/3)	(3/(1*3))+9	((3/3)+9)/1	(3/3)+(9/1)																																																																
1344	1	((3+4)+4)-1																																																																																						
1345	6	((1-3)+4)*5	((3*5)-1)-4	((1+4)*3)-5	(1+4)*(5-3)	(4/(3-1))*5	4/(1-(3/5))																																																																												
1346	2	((1+3)*4)-6	((1+4)/3)*6																																																																																				
1347	2	1-(3*(4-7))	((3-1)*7)-4																																																																																				
1348	2	((1-3)+4)+8	8-(4/(1-3))																																																																																				
1349	24	((1+3)/4)+9	1-((3-4)*9)	(1-3)*(4-9)	(4+9)-(1*3)	1*((4+9)-3)	9-(1*(3-4))	9-(1/(3-4))	4-(1*(3-9))	9-((1-4)/3)	((1*4)-3)+9	(1*(4+9))-3	(1+9)*(4-3)	(1+9)/(4-3)	1-(9/(3-4))	((1*9)-3)+4	(4+9)-(3/1)	9-(3/(1-4))	((4/1)+9)-3	9-((3-4)/1)	((4+9)-3)/1	((4+9)/1)-3	(4+(9/1))-3	4-((3-9)/1)	(4/(1+3))+9																																								
1355	13	(5-(1*3))*5	(1*(5-3))*5	((1*3)*5)-5	1*((3*5)-5)	((1+5)/3)*5	((1*5)-3)*5	(3*5)-(1*5)	(5-(3/1))*5	((3/1)*5)-5	((5-3)/1)*5	((5/1)-3)*5	((3*5)-5)/1	(3*5)-(5/1)																																																														
1356	7	(1+(3*5))-6	((1/3)*5)*6	(6-(1+3))*5	((6-1)*3)-5	(1-6)*(3-5)	5/(1-(3/6))	(5/(1*3))*6																																																																										
1357	2	((1-3)+5)+7	((7-1)/3)*5																																																																																				
1358	18	1-(3*(5-8))	(5+8)-(1*3)	1*((5+8)-3)	8-(1*(3-5))	5-(1*(3-8))	((1+5)*3)-8	((1+5)/3)+8	((1*5)-3)+8	(1*(5+8))-3	((1*8)-3)+5	(5+8)-(3/1)	((5/1)+8)-3	8-((3-5)/1)	((5+8)-3)/1	((5+8)/1)-3	(5+(8/1))-3	5-((3-8)/1)	(5/(1+3))*8																																																				
1359	2	(5+9)-(1+3)	((9/3)-1)*5																																																																																				
1366	2	((1-3)+6)+6	((6-1)/3)*6																																																																																				
1367	17	((3*6)-1)-7	(6+7)-(1*3)	1*((6+7)-3)	7-(1*(3-6))	6-(1*(3-7))	(1+(6/3))+7	((1*6)-3)+7	(1*(6+7))-3	((1*7)-3)+6	(6+7)-(3/1)	((6/1)+7)-3	7-((3-6)/1)	((6+7)-3)/1	((6+7)/1)-3	(6+(7/1))-3	6-((3-7)/1)	7-(6/(1-3))																																																						
1368	16	(6+8)-(1+3)	((1*3)*6)-8	1*((3*6)-8)	((1/3)*6)+8	((3-1)*8)-6	1*((6/3)+8)	((8/3)-1)*6	(3*6)-(1*8)	(1*8)+(6/3)	((3/1)*6)-8	((3*6)-8)/1	(3*6)-(8/1)	(6/(1*3))+8	((6/3)+8)/1	(6/3)+(8/1)	6-(8/(1-3))																																																								
1369	4	(1+(3*6))-9	1-(3*(6-9))	((6/3)+9)-1	(1+6)+(9/3)																																																																																
1377	2	(7+7)-(1+3)	(1+(3/7))*7																																																																																				
1378	3	((7-1)*3)-8	8-((1-7)/3)	((1+8)/3)+7																																																																																		
1379	6	((1/3)*9)+7	(1*7)+(9/3)	1*(7+(9/3))	(7/1)+(9/3)	7+(9/(1*3))	(7+(9/3))/1																																																																												
1388	2	(8/(1+3))+8	8+(8/(1+3))																																																																																				
1389	2	((3-1)*9)-8	(8+(9/3))-1																																																																																				
1445	2	(1+(4/4))*5	((4*4)-1)-5																																																																																				
1446	8	(1+4)*(6-4)	((1*4)*4)-6	1*((4*4)-6)	(1+(6/4))*4	(4*4)-(1*6)	((4/1)*4)-6	((4*4)-6)/1	(4*4)-(6/1)																																																																								
1447	1	(1+(4*4))-7																																																																																						
1448	2	(1+(4/4))+8	((1+4)/4)*8																																																																																				
1449	12	((1+4)-4)+9	1+((4/4)*9)	((1-4)+4)+9	((1*4)/4)+9	1*((4/4)+9)	((1/4)*4)+9	((1+9)*4)/4	((1+9)/4)*4	(1*9)+(4/4)	(4/(1*4))+9	((4/4)+9)/1	(4/4)+(9/1)																																																																
1455	2	((1-4)+5)*5	((4-1)*5)-5																																																																																				
1456	9	(6-(1*4))*5	(1*(6-4))*5	((5-1)*4)-6	((1*6)-4)*5	(6-(4/1))*5	((6-4)/1)*5	((6/1)-4)*5	(5/(4-1))*6	5/((6/4)-1)																																																																						
1457	4	(1+4)*(7-5)	(7-(1+4))*5	((1+7)/4)*5	4/((7/5)-1)																																																																																
1458	4	((1-4)+5)+8	((1/4)*5)*8	5/(1-(4/8))	(5/(1*4))*8																																																																																
1459	25	((1+4)/5)+9	1-((4-5)*9)	((4*5)-1)-9	(5+9)-(1*4)	1*((5+9)-4)	9-(1*(4-5))	9-(1/(4-5))	5-(1*(4-9))	9-((1-5)/4)	((1*5)-4)+9	(1*(5+9))-4	(1+9)*(5-4)	(1+9)/(5-4)	1-(9/(4-5))	((9-1)/4)*5	((1*9)-4)+5	(5+9)-(4/1)	9-(4/(1-5))	((5/1)+9)-4	9-((4-5)/1)	((5+9)-4)/1	((5+9)/1)-4	(5+(9/1))-4	5-((4-9)/1)	(5/(1+4))+9																																						
1466	3	(1+(4/6))*6	1+((6/4)*6)	(1-6)*(4-6)																																																																																		
1467	1	((1-4)+6)+7																																																																																						
1468	18	(1+4)*(8-6)	((4-1)*6)-8	(6+8)-(1*4)	1*((6+8)-4)	8-(1*(4-6))	6-(1*(4-8))	((6-1)/4)*8	((1*6)-4)+8	(1*(6+8))-4	((1*8)-4)+6	(6+8)-(4/1)	((6/1)+8)-4	8-((4-6)/1)	((6+8)-4)/1	((6+8)/1)-4	(6+(8/1))-4	6-((4-8)/1)	8-(6/(1-4))																																																				
1469	2	(6+9)-(1+4)	(1+(9/6))*4																																																																																				
1477	11	(7+7)-(1*4)	1*((7+7)-4)	7-(1*(4-7))	((1*7)-4)+7	(1*(7+7))-4	(7+7)-(4/1)	((7/1)+7)-4	7-((4-7)/1)	((7+7)-4)/1	((7+7)/1)-4	(7+(7/1))-4																																																																		
1478	3	(7+8)-(1+4)	((1+7)/4)+8	(1+7)+(8/4)																																																																																		
1479	2	(1+4)*(9-7)	7-(9/(1-4))																																																																																				
1488	10	((1/4)*8)+8	1*((8/4)+8)	(1*8)+(8/4)	1*(8+(8/4))	(8/(1*4))+8	(8/1)+(8/4)	((8/4)+8)/1	(8/4)+(8/1)	8+(8/(1*4))	(8+(8/4))/1																																																																				
1489	3	((8/4)+9)-1	8-((1-9)/4)	((9/4)-1)*8																																																																																		
1555	1	(1+(5/5))*5																																																																																						
1556	1	((1-5)+6)*5																																																																																						
1557	10	(1*5)*(7-5)	(7-(1*5))*5	(1*(7-5))*5	((1*7)-5)*5	(5/1)*(7-5)	(7-(5/1))*5	5*(7-(5/1))	5*((7/1)-5)	((7-5)/1)*5	((7/1)-5)*5																																																																				
1558	3	(1+(5/5))+8	(8-(1+5))*5	(5/(5-1))*8																																																																																		
1559	12	((1+5)-5)+9	1+((5/5)*9)	((1-5)+5)+9	((1*5)/5)+9	1*((5/5)+9)	((1/5)*5)+9	((1+9)*5)/5	((1+9)/5)*5	(1*9)+(5/5)	(5/(1*5))+9	((5/5)+9)/1	(5/5)+(9/1)																																																																
1566	1	(1+(6/6))*5																																																																																						
1567	2	(1-6)*(5-7)	((1-6)+7)*5																																																																																				
1568	8	((1-5)+6)+8	(1*5)*(8-6)	(8-(1*6))*5	((1*8)-6)*5	(5/1)*(8-6)	5*(8-(6/1))	5*((8/1)-6)	6/((8/5)-1)																																																																								
1569	25	((1+5)/6)+9	1-((5-6)*9)	(6+9)-(1*5)	1*((6+9)-5)	9-(1*(5-6))	9-(1/(5-6))	6-(1*(5-9))	9-((1-6)/5)	((1*6)-5)+9	(9-(1+6))*5	(1*(6+9))-5	(1+9)*(6-5)	(1+9)/(6-5)	1-(9/(5-6))	((1*9)-5)+6	(6+9)-(5/1)	9-(5/(1-6))	5/((9/6)-1)	((6/1)+9)-5	9-((5-6)/1)	((6+9)-5)/1	((6+9)/1)-5	(6+(9/1))-5	6-((5-9)/1)	(6/(1+5))+9																																						
1577	3	((1-5)+7)+7	(1+(7*7))/5	(1+(7/7))*5																																																																																		
1578	15	(7+8)-(1*5)	1*((7+8)-5)	8-(1*(5-7))	7-(1*(5-8))	((1*7)-5)+8	((1-7)+8)*5	(1*(7+8))-5	((1*8)-5)+7	(7+8)-(5/1)	((7/1)+8)-5	8-((5-7)/1)	((7+8)-5)/1	((7+8)/1)-5	(7+(8/1))-5	7-((5-8)/1)																																																										
1579	7	(7+9)-(1+5)	(1*5)*(9-7)	(9-(1*7))*5	((1*9)-7)*5	(5/1)*(9-7)	5*(9-(7/1))	5*((9/1)-7)																																																																										
1588	3	(8+8)-(1+5)	(1+(8/8))*5	8-(8/(1-5))																																																																																		
1589	3	((1-8)+9)*5	((1+9)/5)+8	8/((9/5)-1)																																																																																		
1599	1	(1+(9/9))*5																																																																																						
1668	2	(1+(6/6))+8	(1-6)*(6-8)																																																																																				
1669	13	((1+6)-6)+9	1+((6/6)*9)	((1-6)+6)+9	((1*6)/6)+9	1*((6/6)+9)	((1/6)*6)+9	(1+(6/9))*6	((1+9)*6)/6	((1+9)/6)*6	(1*9)+(6/6)	(6/(1*6))+9	((6/6)+9)/1	(6/6)+(9/1)																																																														
1678	1	((1-6)+7)+8																																																																																						
1679	24	((1+6)/7)+9	1-((6-7)*9)	(1-6)*(7-9)	(7+9)-(1*6)	1*((7+9)-6)	9-(1*(6-7))	9-(1/(6-7))	7-(1*(6-9))	9-((1-7)/6)	((1*7)-6)+9	(1*(7+9))-6	(1+9)*(7-6)	(1+9)/(7-6)	1-(9/(6-7))	((1*9)-6)+7	(7+9)-(6/1)	9-(6/(1-7))	((7/1)+9)-6	9-((6-7)/1)	((7+9)-6)/1	((7+9)/1)-6	(7+(9/1))-6	7-((6-9)/1)	(7/(1+6))+9																																								
1688	11	(8+8)-(1*6)	1*((8+8)-6)	8-(1*(6-8))	((1*8)-6)+8	(1*(8+8))-6	(8+8)-(6/1)	((8/1)+8)-6	8-((6-8)/1)	((8+8)-6)/1	((8+8)/1)-6	(8+(8/1))-6																																																																		
1689	1	(8+9)-(1+6)																																																																																						
1778	1	(1+(7/7))+8																																																																																						
1779	12	((1+7)-7)+9	1+((7/7)*9)	((1-7)+7)+9	((1*7)/7)+9	1*((7/7)+9)	((1/7)*7)+9	((1+9)*7)/7	((1+9)/7)*7	(1*9)+(7/7)	(7/(1*7))+9	((7/7)+9)/1	(7/7)+(9/1)																																																																
1788	1	((1-7)+8)+8																																																																																						
1789	23	((1+7)/8)+9	1-((7-8)*9)	(8+9)-(1*7)	1*((8+9)-7)	9-(1*(7-8))	9-(1/(7-8))	8-(1*(7-9))	9-((1-8)/7)	((1*8)-7)+9	(1*(8+9))-7	(1+9)*(8-7)	(1+9)/(8-7)	1-(9/(7-8))	((1*9)-7)+8	(8+9)-(7/1)	9-(7/(1-8))	((8/1)+9)-7	9-((7-8)/1)	((8+9)-7)/1	((8+9)/1)-7	(8+(9/1))-7	8-((7-9)/1)	(8/(1+7))+9																																										
1799	1	(9+9)-(1+7)																																																																																						
1888	2	(1+8)+(8/8)	(1+(8/8))+8																																																																																				
1889	12	((1+8)-8)+9	1+((8/8)*9)	((1-8)+8)+9	((1*8)/8)+9	1*((8/8)+9)	((1/8)*8)+9	((1+9)*8)/8	((1+9)/8)*8	(1*9)+(8/8)	(8/(1*8))+9	((8/8)+9)/1	(8/8)+(9/1)																																																																
1899	23	(1+8)+(9/9)	((1+8)/9)+9	1-((8-9)*9)	(9+9)-(1*8)	1*((9+9)-8)	9-(1*(8-9))	9-(1/(8-9))	(1+9)*(9-8)	(1+9)/(9-8)	9-((1-9)/8)	1-(9/(8-9))	((1*9)-8)+9	((9*9)-1)/8	(1*(9+9))-8	(9+9)-(8/1)	9-(8/(1-9))	((9/1)+9)-8	9-((8-9)/1)	((9+9)-8)/1	((9+9)/1)-8	(9+(9/1))-8	(9/(1+8))+9	9+(9/(1+8))																																										
1999	18	((1+9)+9)-9	((1+9)-9)+9	((1+9)*9)/9	1+((9*9)/9)	((1+9)/9)*9	1+((9/9)*9)	((1-9)+9)+9	(1*9)+(9/9)	1*(9+(9/9))	((1*9)/9)+9	1*((9/9)+9)	((1/9)*9)+9	(9/1)+(9/9)	(9/(1*9))+9	9+(9/(1*9))	(9+(9/9))/1	((9/9)+9)/1	(9/9)+(9/1)																																																				
2222	6	2+((2+2)*2)	((2+2)*2)+2	2+(2*(2+2))	2+((2*2)*2)	(2*(2+2))+2	((2*2)*2)+2																																																																												
2223	7	(2+2)+(2*3)	((2+2)*3)-2	((2*2)*3)-2	(2*2)+(2*3)	(2+(2*3))+2	((2*3)+2)+2	(2*3)+(2*2)																																																																										
2224	7	((2+2)+2)+4	(2+(2*2))+4	(2*(2+4))-2	((2*2)+2)+4	2*((2/2)+4)	((2+4)*2)-2	((2/2)+4)*2																																																																										
2225	14	((2+2)-2)*5	((2+2)/2)*5	((2-2)+2)*5	(2-2)+(2*5)	(2+(2*5))-2	((2*2)-2)*5	2*((2-2)+5)	2*((2+5)-2)	((2*2)/2)*5	((2/2)*2)*5	((2-2)+5)*2	((2+5)-2)*2	((2*5)+2)-2	((2*5)-2)+2																																																												
2226	6	2-(2*(2-6))	2*(6-(2/2))	2-((2-6)*2)	2*(2+(6/2))	(6-(2/2))*2	(2+(6/2))*2																																																																												
2227	5	(2*7)-(2+2)	(2+(2/2))+7	(2*7)-(2*2)	((2/2)+2)+7	((2*7)-2)-2																																																																														
2228	16	((2+2)-2)+8	(2*(8-2))-2	((2+2)/2)+8	2+((2/2)*8)	((2-2)+2)+8	((2+2)+8)-2	((2*2)+8)-2	((2*2)-2)+8	((2*2)/2)+8	((2/2)*2)+8	(2/2)*(2+8)	((8-2)*2)-2	(2*(2+8))/2	((2/2)*8)+2	((2+8)*2)/2	((2+8)/2)*2																																																								
2229	8	(2-(2/2))+9	2*(9-(2+2))	2*(9-(2*2))	(2+9)-(2/2)	(9-(2+2))*2	(2+(2*9))/2	(9-(2*2))*2	((2*9)+2)/2																																																																								
2233	4	((2+2)+3)+3	(2*(3+3))-2	((2*2)+3)+3	(2/2)+(3*3)																																																																																
2234	8	2*((3+4)-2)	2*((2*4)-3)	(2+3)*(4-2)	((2+3)/2)*4	((3+4)-2)*2	2*(3+(4/2))	(4-2)*(2+3)	((2*4)-3)*2																																																																								
2235	5	(2*(3-2))*5	(3-(2/2))*5	(2/(3-2))*5	((3-2)*2)*5	5/(2-(3/2))																																																																														
2236	7	((2*3)+6)-2	2*((2-3)+6)	((2/2)+3)+6	((6-2)*3)-2	((2*3)-2)+6	(2+(3*6))/2	((2-3)+6)*2																																																																										
2237	6	((2-2)+3)+7	((2+3)+7)-2	2-(2*(3-7))	((2/2)*3)+7	(2/2)*(3+7)	((2/2)*7)+3																																																																												
2238	12	2-((2-3)*8)	8-(2*(2-3))	(3+8)-(2/2)	8-(2/(2-3))	(3-2)*(2+8)	8-((2-3)*2)	((3/2)*8)-2	(2*8)-(2*3)	(2*3)+(8/2)	(2+8)*(3-2)	(2+8)/(3-2)	2-(8/(2-3))																																																																
2239	5	((2+2)-3)+9	(2*(9-3))-2	((2*2)-3)+9	2*(2+(9/3))	(2+(9/3))*2																																																																														
2244	7	(2+(2/4))*4	2-((2-4)*4)	((2*4)+4)-2	2+((4/2)*4)	((2*4)-2)+4	((2/4)+2)*4	(2*4)+(4/2)																																																																										
2245	6	((2/2)+4)+5	((5-2)*4)-2	(2*(2+5))-4	4-(2*(2-5))	((2+5)*2)-4	4-((2-5)*2)																																																																												
2246	15	((4-2)*6)-2	((2+2)*4)-6	((2-2)+4)+6	((2+4)+6)-2	6-(2*(2-4))	((2*2)*4)-6	((2/2)*4)+6	(2/2)*(4+6)	(2+(2*6))-4	((2/2)*6)+4	(2+(4/2))+6	6-((2-4)*2)	((4/2)*6)-2	((2*6)+2)-4	(2*6)-(4/2)																																																										
2247	8	2*((2-4)+7)	(4+7)-(2/2)	((2+4)/2)+7	(2-4)*(2-7)	2*(7-(4/2))	((2-4)+7)*2	(2-7)*(2-4)	((7-2)/2)*4																																																																								
2248	5	2-(2*(4-8))	((2*8)-2)-4	(2+4)+(8/2)	(2*8)-(2+4)	((2*8)+4)/2																																																																														
2249	10	((2+2)/4)+9	((2*2)/4)+9	9-(2/(2-4))	(2*(9-2))-4	9-((2-4)/2)	(2*9)-(2*4)	((9-2)*2)-4	((9/2)-2)*4	(4/(2+2))+9	(4/(2*2))+9																																																																				
2255	7	((2-2)+5)+5	((2+5)+5)-2	2*((2*5)-5)	((2/2)*5)+5	(2/2)*(5+5)	((2*5)-5)*2	5/((5/2)-2)																																																																										
2256	5	(5+6)-(2/2)	(6-(2+2))*5	(6-(2*2))*5	(2+5)+(6/2)	((6-2)/2)*5																																																																														
2258	6	2*((2-5)+8)	((2-5)+8)*2	((2+8)/2)+5	((8/2)-2)*5	(5/(2+2))*8	(5/(2*2))*8																																																																												
2259	4	(5+9)-(2+2)	2-(2*(5-9))	(5+9)-(2*2)	2/(2-(9/5))																																																																																
2266	4	(2-(2/6))*6	(2*(2+6))-6	((2+6)*2)-6	((2+6)/2)+6																																																																																
2267	5	2*((2*6)-7)	(2+(2*7))-6	((2*6)-7)*2	((2*7)+2)-6	((2*7)+6)/2																																																																														
2268	5	(6+8)-(2+2)	(6+8)-(2*2)	8-((2-6)/2)	2*(8-(6/2))	((2*6)+8)/2																																																																														
2269	5	2*((2-6)+9)	((2*9)-2)-6	((6/2)+9)-2	((2-6)+9)*2	(2*9)-(2+6)																																																																														
2277	2	(7+7)-(2+2)	(7+7)-(2*2)																																																																																				
2278	4	(2*(2+7))-8	((2+7)*2)-8	(2*7)-(8/2)	7-((2-8)/2)																																																																																
2279	3	2*((2*7)-9)	2+((7+9)/2)	((2*7)-9)*2																																																																																		
2288	9	(2+(2*8))-8	((8/2)+8)-2	((2*8)+2)-8	2+((8+8)/2)	(8+(8/2))-2	(8/(2+2))+8	(8/(2*2))+8	8+(8/(2+2))	8+(8/(2*2))																																																																						
2289	1	2*(9-(8/2))																																																																																						
2299	1	((2+9)+9)/2																																																																																						
2333	2	(3+(3*3))-2	((3*3)+3)-2																																																																																				
2334	4	2*((3*3)-4)	2*((3/3)+4)	(4-(2/3))*3	(2+(4/3))*3																																																																																
2335	12	((2+3)-3)*5	(3*5)-(2+3)	((2+3)*3)-5	(2+3)*(5-3)	((2-3)+3)*5	2*((3-3)+5)	2*((3+5)-3)	((2*3)/3)*5	((2/3)*3)*5	((3*5)-2)-3	((2*5)+3)-3	((2*5)-3)+3																																																																
2336	5	((2+3)/3)*6	((3+3)+6)-2	2*(6-(3/3))	2*(3+(6/3))	((2/6)+3)*3																																																																														
2337	11	(3*(7-3))-2	(2+(3/3))+7	(3-2)*(3+7)	7-((2-3)*3)	((2*3)-3)+7	((7-3)*3)-2	3-((2-3)*7)	7-(3/(2-3))	((3+3)/2)+7	(3+7)/(3-2)	3-(7/(2-3))																																																																		
2338	10	((2+3)-3)+8	2+((3/3)*8)	((2-3)+3)+8	((2*3)*3)-8	((2*3)/3)+8	((2/3)*3)+8	((2+8)*3)/3	((2+8)/3)*3	(2*8)-(3+3)	(3+3)+(8/2)																																																																				
2339	1	(2-(3/3))+9																																																																																						
2344	9	(2+(3*4))-4	(2*(3+4))-4	2*((4+4)-3)	(4*4)-(2*3)	4-((2-4)*3)	(3-(2/4))*4	(4-(3/2))*4	((3/2)*4)+4	(3*4)-(4/2)																																																																						
2345	8	((3+4)+5)-2	((2*3)-4)*5	(2*(4-3))*5	(2/(4-3))*5	2-((3-5)*4)	((2+4)/3)*5	((2*4)-3)+5	(3+(4/2))+5																																																																								
2346	15	(2+3)*(6-4)	(3-2)*(4+6)	6-((2-3)*4)	2*((3-4)+6)	((6-3)*4)-2	(2+(3/6))*4	4-((2-3)*6)	4-(2*(3-6))	2+((4/3)*6)	(3*6)-(2*4)	(2*4)+(6/3)	(3+4)+(6/2)	6-(4/(2-3))	(4+6)/(3-2)	4-(6/(2-3))																																																										
2347	3	((2-3)+4)+7	2*((3*4)-7)	(2+(4*7))/3																																																																																		
2348	18	(3*(8-4))-2	((2+3)/4)*8	2-((3-4)*8)	(2-(3/4))*8	((2*3)-4)+8	8-(2*(3-4))	8-(2/(3-4))	2*(3+(8/4))	((2+4)*3)-8	((2+4)/3)+8	(2-4)*(3-8)	((4*8)-2)/3	(2+8)*(4-3)	(2+8)/(4-3)	2-(8/(3-4))	((3*4)+8)/2	((8-3)/2)*4	((3*8)-4)/2																																																				
2349	5	((2+3)-4)+9	((2/3)*9)+4	((4/3)*9)-2	(3-(4/2))+9	((3+9)/2)+4																																																																														
2355	6	(3-2)*(5+5)	5-((2-3)*5)	((3*5)+5)/2	5-(5/(2-3))	5/(3-(5/2))	(5+5)/(3-2)																																																																												
2356	6	((5-3)*6)-2	((2-3)+5)+6	(2*(3+5))-6	6-(2*(3-5))	((2*6)+3)-5	((3+5)/2)+6																																																																												
2357	9	(2+(3*5))-7	(2+3)*(7-5)	2*((3-5)+7)	(7-(2+3))*5	((7-2)*3)-5	(2-7)*(3-5)	((3+7)/2)+5	((7-3)/2)*5	5/((7/2)-3)																																																																						
2358	2	(8-(2*3))*5	((8-2)/3)*5																																																																																				
2359	11	(3*(9-5))-2	((2+3)/5)+9	((2*3)-5)+9	9-(2/(3-5))	9-((2-5)/3)	(2+5)+(9/3)	(2*9)-(3+5)	9-(3/(2-5))	9-((3-5)/2)	3+((5+9)/2)	(5/(2+3))+9																																																																		
2366	6	((3*6)-2)-6	((2/3)*6)+6	(2+(6/3))+6	((6/3)*6)-2	(2+6)+(6/3)	(2*6)-(6/3)																																																																												
2367	2	2*(7-(6/3))	((7-2)/3)*6																																																																																				
2368	5	(2+3)*(8-6)	(2*(3+6))-8	2*((3-6)+8)	(2+(8/6))*3	3+((6+8)/2)																																																																														
2369	5	(6+9)-(2+3)	((2*3)/6)+9	(2/3)*(6+9)	(2-(3/9))*6	(6/(2*3))+9																																																																														
2377	3	((2+7)/3)+7	((2*7)+3)-7	3+((7+7)/2)																																																																																		
2378	4	(7+8)-(2+3)	(2/3)*(7+8)	(3*8)-(2*7)	8-((3-7)/2)																																																																																
2379	6	(2+3)*(9-7)	((3*7)-2)-9	(7+9)-(2*3)	2*((3-7)+9)	7-((3-9)/2)	((3*9)-7)/2																																																																												
2388	3	(8+8)-(2*3)	((8-2)*3)-8	8-((2-8)/3)																																																																																		
2389	4	((2*8)+3)-9	2*(8-(9/3))	((8/2)+9)-3	((3+8)+9)/2																																																																																
2399	2	((9/3)+9)-2	(9+(9/3))-2																																																																																				
2444	10	(4*4)-(2+4)	((4+4)+4)-2	((4*4)-2)-4	2*(4+(4/4))	2*((4/4)+4)	((4/2)+4)+4	(4+(4/2))+4	(4+4)+(4/2)	(4+(4*4))/2	((4*4)+4)/2																																																																				
2445	10	((2+4)-4)*5	((2-4)+4)*5	2*((4-4)+5)	2*((4+5)-4)	((2*4)/4)*5	((2/4)*4)*5	((2*5)+4)-4	((2*5)-4)+4	(4-(4/2))*5	(4/(4-2))*5																																																																				
2446	7	2-(4*(4-6))	(2*(4+4))-6	((2*4)-4)+6	2*(6-(4/4))	2-((4-6)*4)	((4+4)/2)+6	((4*6)-4)/2																																																																										
2447	6	(4*(7-4))-2	(2+(4/4))+7	((7-4)*4)-2	((4-2)*7)-4	4-(2*(4-7))	((4/2)*7)-4																																																																												
2448	15	((2+4)-4)+8	(2+(4*4))-8	2+((4/4)*8)	((2-4)+4)+8	((2*4)/4)+8	((2/4)*4)+8	(2+(4/8))*4	(2*4)+(8/4)	((2+8)*4)/4	((2+8)/4)*4	(4+8)-(4/2)	8-(4/(2-4))	(4-(4/2))+8	4+((4+8)/2)	((4+8)/2)+4																																																										
2449	5	(2-4)*(4-9)	(2-(4/4))+9	(2*9)-(4+4)	(4/2)*(9-4)	((9-4)/2)*4																																																																														
2455	5	2*(4+(5/5))	(2*(5-4))*5	(2/(5-4))*5	(4*5)-(2*5)	4*(5-(5/2))																																																																														
2456	5	2*((4-5)+6)	((2*4)-6)*5	((2+6)/4)*5	((4+6)/2)+5	5/(2-(6/4))																																																																														
2457	6	((2-4)+5)+7	2-(4*(5-7))	((2*4)-5)+7	(5+7)-(4/2)	4+((5+7)/2)	5/(4-(7/2))																																																																												
2458	13	(4*(8-5))-2	2-((4-5)*8)	((4*5)-2)-8	(2*(4+5))-8	8-(2*(4-5))	8-(2/(4-5))	(8-(2+4))*5	4-(2*(5-8))	(2+8)*(5-4)	(2+8)/(5-4)	2-(8/(4-5))	4/(2-(8/5))	((8-4)/2)*5																																																														
2459	2	((2+4)-5)+9	5/((9/2)-4)																																																																																				
2466	8	((6-4)*6)-2	((2-4)+6)+6	2*(4+(6/6))	6-(2*(4-6))	((6-2)*4)-6	((2*6)+4)-6	(6+6)-(4/2)	4+((6+6)/2)																																																																								
2467	7	2*((4-6)+7)	((2/4)*6)+7	((6*7)-2)/4	(2-7)*(4-6)	(4*6)-(2*7)	4*(6-(7/2))	7-(6/(2-4))																																																																										
2468	10	2-(4*(6-8))	((2*4)-6)+8	((4-2)*8)-6	((2/4)*8)+6	((2+6)/4)+8	((6/4)*8)-2	(2+6)+(8/4)	(2*6)-(8/4)	((4/2)*8)-6	6-(8/(2-4))																																																																				
2469	9	(4*(9-6))-2	((2+4)/6)+9	9-(2/(4-6))	9-((2-6)/4)	4-(2*(6-9))	9-(4/(2-6))	(4-(6/2))+9	9-((4-6)/2)	(6/(2+4))+9																																																																						
2477	2	(2-(4/7))*7	2*(4+(7/7))																																																																																				
2478	5	2*((4-7)+8)	((7-2)/4)*8	((2*7)+4)-8	2*(7-(8/4))	((4*7)-8)/2																																																																														
2479	6	(7+9)-(2+4)	2-(4*(7-9))	((2*4)-7)+9	(4*7)-(2*9)	((4+7)+9)/2	4*(7-(9/2))																																																																												
2488	4	(8+8)-(2+4)	2*(4+(8/8))	8-((4-8)/2)	((4+8)+8)/2																																																																																
2489	5	2*((4-8)+9)	((2*4)/8)+9	((4-2)*9)-8	((4/2)*9)-8	(8/(2*4))+9																																																																														
2499	2	2*(4+(9/9))	(9+9)-(2*4)																																																																																				
2555	13	((2+5)-5)*5	((2-5)+5)*5	((5-2)*5)-5	((2*5)+5)-5	2*((5+5)-5)	((2*5)-5)+5	2*((5-5)+5)	((2*5)*5)/5	((2*5)/5)*5	((2/5)*5)*5	((5+5)/2)+5	5+((5+5)/2)	((5*5)-5)/2																																																														
2556	9	(2*5)*(6-5)	(2*5)/(6-5)	2*(6-(5/5))	(2*(6-5))*5	(2/(6-5))*5	(5/(5-2))*6	((5/2)*6)-5	5*(5-(6/2))	(5-(6/2))*5																																																																						
2557	1	(2+(5/5))+7																																																																																						
2558	8	((2+5)-5)+8	2+((5/5)*8)	((2-5)+5)+8	((2*5)/5)+8	((2/5)*5)+8	((2*5)-8)*5	((2+8)*5)/5	((2+8)/5)*5																																																																								
2559	5	(2-(5/5))+9	(9-(2+5))*5	(5/2)*(9-5)	5/(5-(9/2))	((9-5)/2)*5																																																																														
2566	8	((2*5)+6)-6	2*((5+6)-6)	((2*5)-6)+6	2*((5-6)+6)	((2*5)*6)/6	((2*5)/6)*6	((2+6)-6)*5	((2-6)+6)*5																																																																								
2567	7	((2-5)+6)+7	(2*5)*(7-6)	(2*5)/(7-6)	((7-5)*6)-2	6-(2*(5-7))	((2*6)+5)-7	6/(2-(7/5))																																																																										
2568	13	2-((5-6)*8)	((5-2)*6)-8	8-(2*(5-6))	8-(2/(5-6))	(2+(6*8))/5	(2+8)*(6-5)	(2+8)/(6-5)	2-(8/(5-6))	(5/(6-2))*8	(5-(6/2))+8	5*(6-(8/2))	8-(6/(2-5))	8/(2-(6/5))																																																														
2569	3	((2+5)-6)+9	5/(2-(9/6))	((5+6)+9)/2																																																																																		
2577	9	((2*5)+7)-7	2*((5+7)-7)	((2*5)-7)+7	2*((5-7)+7)	((2*5)*7)/7	((2*5)/7)*7	(2-7)*(5-7)	((2+7)-7)*5	((2-7)+7)*5																																																																						
2578	3	(2*5)*(8-7)	(2*5)/(8-7)	((5+7)+8)/2																																																																																		
2579	8	((2+5)/7)+9	9-(2/(5-7))	9-((2-7)/5)	((2*7)+5)-9	9-(5/(2-7))	9-((5-7)/2)	(7/(2+5))+9	7-(9/(2-5))																																																																								
2588	9	((2*5)+8)-8	2*((5+8)-8)	((2*5)-8)+8	2*((5-8)+8)	((2*5)*8)/8	((2*5)/8)*8	((2+8)/5)+8	((2+8)-8)*5	((2-8)+8)*5																																																																						
2589	5	(8+9)-(2+5)	(2*5)*(9-8)	(2*5)/(9-8)	(5-(8/2))+9	8-((5-9)/2)																																																																														
2599	8	((2*5)+9)-9	2*((5+9)-9)	((2*5)-9)+9	2*((5-9)+9)	((2*5)*9)/9	((2*5)/9)*9	((2+9)-9)*5	((2-9)+9)*5																																																																								
2666	1	2*(6-(6/6))																																																																																						
2667	4	(2+(6/6))+7	2*((6+6)-7)	(6+7)-(6/2)	(6-(6/2))+7																																																																																
2668	13	((2+6)-6)+8	(6*(8-6))-2	2+((6/6)*8)	((2-6)+6)+8	((2*6)+6)-8	((2*6)/6)+8	((2/6)*6)+8	((8-6)*6)-2	6-(2*(6-8))	((2+8)*6)/6	((2+8)/6)*6	((6/2)*6)-8	((6+6)+8)/2																																																														
2669	1	(2-(6/6))+9																																																																																						
2677	3	((2-6)+7)+7	2*(6-(7/7))	((6+7)+7)/2																																																																																		
2678	8	2-((6-7)*8)	2*((6+7)-8)	8-(2*(6-7))	8-(2/(6-7))	(2-7)*(6-8)	(2+8)*(7-6)	(2+8)/(7-6)	2-(8/(6-7))																																																																								
2679	5	((2+6)-7)+9	(6*(9-7))-2	((2*6)+7)-9	((2/6)*9)+7	6-(2*(7-9))																																																																														
2688	5	(2-(6/8))*8	2*(6-(8/8))	(6-(8/2))+8	(6+8)-(8/2)	8-(8/(2-6))																																																																														
2689	8	((2+6)/8)+9	2*((6+8)-9)	9-(2/(6-8))	9-((2-8)/6)	((8/6)*9)-2	9-(6/(2-8))	9-((6-8)/2)	(8/(2+6))+9																																																																								
2699	2	(9+9)-(2+6)	2*(6-(9/9))																																																																																				
2777	2	(2+7)+(7/7)	(2+(7/7))+7																																																																																				
2778	8	((2+7)-7)+8	2+((7/7)*8)	((2-7)+7)+8	((2*7)/7)+8	((2/7)*7)+8	((2+8)*7)/7	((2+8)/7)*7	(7+7)-(8/2)																																																																								
2779	3	(2-7)*(7-9)	(2-(7/7))+9	2*((7+7)-9)																																																																																		
2788	7	(2+7)+(8/8)	2-((7-8)*8)	8-(2*(7-8))	8-(2/(7-8))	(2+8)*(8-7)	(2+8)/(8-7)	2-(8/(7-8))																																																																										
2789	2	((2+7)-8)+9	((8*9)-2)/7																																																																																				
2799	8	(2+7)+(9/9)	((2+7)/9)+9	9-(2/(7-9))	9-((2-9)/7)	9-(7/(2-9))	9-((7-9)/2)	(9/(2+7))+9	9+(9/(2+7))																																																																								
2888	9	((2+8)+8)-8	((2+8)-8)+8	((2+8)*8)/8	2+((8*8)/8)	((2+8)/8)*8	2+((8/8)*8)	((2-8)+8)+8	((2*8)/8)+8	((2/8)*8)+8																																																																						
2889	8	(2+8)*(9-8)	(2+8)/(9-8)	2-(8*(8-9))	(2-(8/8))+9	2-(8/(8-9))	2-((8-9)*8)	8-(2*(8-9))	8-(2/(8-9))																																																																								
2899	9	((2+8)+9)-9	((2+8)-9)+9	((2+8)*9)/9	2+((8*9)/9)	((2+8)/9)*9	2+((8/9)*9)	(2-(8/9))*9	((2*9)/9)+8	((2/9)*9)+8																																																																						
2999	2	(2+9)-(9/9)	(2-(9/9))+9																																																																																				
3333	2	(3*3)+(3/3)	(3/3)+(3*3)																																																																																				
3334	2	((3*3)+4)-3	((3*3)-3)+4																																																																																				
3335	2	((3+3)/3)*5	(3-(3/3))*5																																																																																				
3336	2	(3+(3/3))+6	((3/3)+3)+6																																																																																				
3337	11	((3+3)-3)+7	3+((3/3)*7)	((3-3)+3)+7	((3+3)+7)-3	((3*3)/3)+7	((3/3)*3)+7	(3/3)*(3+7)	(3*(3+7))/3	((3/3)*7)+3	((3+7)*3)/3	((3+7)/3)*3																																																																		
3338	5	((3+3)*3)-8	((3+3)/3)+8	(3-(3/3))+8	(3*(3+3))-8	(3+8)-(3/3)																																																																														
3339	6	3*(3+(3/9))	(3+(3*9))/3	(3+(3/9))*3	3*((3/9)+3)	((3*9)+3)/3	((3/9)+3)*3																																																																												
3344	2	(4*4)-(3+3)	(3*3)+(4/4)																																																																																				
3345	7	((3+3)-4)*5	(3+(3*4))-5	((3*3)-4)+5	((3/3)+4)+5	4-(3*(3-5))	((3*4)+3)-5	4-((3-5)*3)																																																																										
3346	8	((3-3)+4)+6	((3+4)+6)-3	((3/3)*4)+6	(3/3)*(4+6)	(3-(3/6))*4	((3/3)*6)+4	(3-(4/3))*6	(3*4)-(6/3)																																																																								
3347	9	3-((3-4)*7)	7-(3*(3-4))	(4+7)-(3/3)	7-(3/(3-4))	(4-3)*(3+7)	7-((3-4)*3)	(3+7)*(4-3)	(3+7)/(4-3)	3-(7/(3-4))																																																																						
3348	1	((3+3)-4)+8																																																																																						
3349	1	(3+4)+(9/3)																																																																																						
3355	6	((3-3)+5)+5	((3+5)+5)-3	(3*3)+(5/5)	((3/3)*5)+5	(3/3)*(5+5)	3*(5-(5/3))																																																																												
3356	5	((3*3)-5)+6	(5+6)-(3/3)	((3*6)-3)-5	(3+5)+(6/3)	(3*6)-(3+5)																																																																														
3357	1	((3*3)-7)*5																																																																																						
3358	7	(3+(3*5))-8	(8-(3+3))*5	(3*(8-3))-5	(3-5)*(3-8)	((3*5)+3)-8	((8-3)*3)-5	(3-8)*(3-5)																																																																										
3359	2	((3+3)-5)+9	((9-3)/3)*5																																																																																				
3366	1	(3*3)+(6/6)																																																																																						
3367	2	((3*3)-6)+7	((3+6)/3)+7																																																																																				
3368	3	3*(6-(8/3))	((8-3)/3)*6	((3*8)+6)/3																																																																																		
3369	6	((3+3)/6)+9	9-(3/(3-6))	(3-(6/3))+9	9-((3-6)/3)	((3+9)/3)+6	(6/(3+3))+9																																																																												
3377	1	(3*3)+(7/7)																																																																																						
3378	3	((3*7)-3)-8	((3*3)-7)+8	(3*7)-(3+8)																																																																																		
3379	2	(7+9)-(3+3)	((3*7)+9)/3																																																																																				
3388	2	(8+8)-(3+3)	(3*3)+(8/8)																																																																																				
3389	4	((3*3)-8)+9	(3*(9-3))-8	((9-3)*3)-8	8-((3-9)/3)																																																																																
3399	4	(3*3)+(9/9)	((3*3)/9)+9	(9/(3*3))+9	9+(9/(3*3))																																																																																
3445	2	((4+4)+5)-3	(3-(4/4))*5																																																																																				
3446	12	(3+(4/4))+6	(4-3)*(4+6)	6-((3-4)*4)	((3*4)+4)-6	3*(4-(4/6))	4-((3-4)*6)	4-(3*(4-6))	(3*6)-(4+4)	6-(4/(3-4))	(4+4)+(6/3)	(4+6)/(4-3)	4-(6/(3-4))																																																																
3447	7	((3+4)-4)+7	3+((4/4)*7)	((3-4)+4)+7	((3*4)/4)+7	((3/4)*4)+7	((3+7)*4)/4	((3+7)/4)*4																																																																										
3448	4	(3-(4/4))+8	(3-(4/8))*4	(3*4)-(8/4)	((3/4)*8)+4																																																																																
3449	1	(3+(4*4))-9																																																																																						
3455	7	((3+4)-5)*5	(4-3)*(5+5)	5-((3-4)*5)	((3+5)/4)*5	(4/(5-3))*5	5-(5/(3-4))	(5+5)/(4-3)																																																																										
3456	3	((3-4)+5)+6	((3*4)*5)/6	(4-(6/3))*5																																																																																		
3457	11	3-((4-5)*7)	((4*5)-3)-7	((3*4)+5)-7	7-(3*(4-5))	7-(3/(4-5))	((5-3)*7)-4	4-(3*(5-7))	(3+7)*(5-4)	(3+7)/(5-4)	3-(7/(4-5))	((4+5)/3)+7																																																																		
3458	4	((3+4)-5)+8	((3+5)/4)+8	(3+5)+(8/4)	8-(4/(3-5))																																																																																
3459	4	(9-(3+4))*5	(3*(9-4))-5	(3-5)*(4-9)	((3*5)+4)-9																																																																																
3466	1	((4*6)+6)/3																																																																																						
3467	4	(4*7)-(3*6)	((7-3)*4)-6	((6/3)*7)-4	(4-(7/3))*6																																																																																
3468	6	((3*4)+6)-8	((3*4)/6)+8	4-(3*(6-8))	(3-8)*(4-6)	(4-(6/3))+8	((4+8)/3)+6																																																																												
3469	4	((3+4)-6)+9	3*(4-(6/9))	((9-4)/3)*6	((4*9)-6)/3																																																																																
3477	1	(3*7)-(4+7)																																																																																						
3478	1	(3-(7/4))*8																																																																																						
3479	9	((3+4)/7)+9	((3*4)+7)-9	9-(3/(4-7))	9-((3-7)/4)	4-(3*(7-9))	((3+9)/4)+7	9-(4/(3-7))	9-((4-7)/3)	(7/(3+4))+9																																																																						
3488	1	((8-3)/4)*8																																																																																						
3489	2	(8+9)-(3+4)	(3-(8/4))+9																																																																																				
3499	3	(4-(9/3))+9	4+((9+9)/3)	(4+9)-(9/3)																																																																																		
3555	4	(3-(5/5))*5	(5*5)-(3*5)	(5+(5*5))/3	((5*5)+5)/3																																																																																
3556	3	(3+(5/5))+6	((3+5)-6)*5	((6-3)*5)-5																																																																																		
3557	8	((3+5)-5)+7	3+((5/5)*7)	((3-5)+5)+7	((3*5)/5)+7	((3/5)*5)+7	((3+7)*5)/5	((3+7)/5)*5	((5*7)-5)/3																																																																								
3558	1	(3-(5/5))+8																																																																																						
3559	3	((5/3)*9)-5	5*(5-(9/3))	(5-(9/3))*5																																																																																		
3566	3	((3-5)+6)+6	(3-(6/6))*5	(5/(6-3))*6																																																																																		
3567	11	3-((5-6)*7)	7-(3*(5-6))	7-(3/(5-6))	((3+6)-7)*5	(3+7)*(6-5)	(3+7)/(6-5)	3-(7/(5-6))	(3*7)-(5+6)	(5-(6/3))+7	((5+7)/3)+6	7-(6/(3-5))																																																																		
3568	3	((3+5)-6)+8	((5-3)*8)-6	6-(8/(3-5))																																																																																		
3569	3	((3*5)*6)/9	((3+9)*5)/6	5+((6+9)/3)																																																																																		
3577	1	(3-(7/7))*5																																																																																						
3578	5	((3+7)/5)+8	((3+7)-8)*5	(3-8)*(5-7)	(5/(7-3))*8	5+((7+8)/3)																																																																														
3579	1	((3+5)-7)+9																																																																																						
3588	1	(3-(8/8))*5																																																																																						
3589	10	((3+5)/8)+9	9-(3/(5-8))	((5-3)*9)-8	9-((3-8)/5)	(3*8)-(5+9)	((3+8)-9)*5	9-(5/(3-8))	9-((5-8)/3)	(5+8)-(9/3)	(8/(3+5))+9																																																																				
3599	2	(9+9)-(3+5)	(3-(9/9))*5																																																																																				
3666	7	(3+6)+(6/6)	(3+(6/6))+6	(6+6)-(6/3)	((6+6)/3)+6	(6-(6/3))+6	6+((6+6)/3)	((6*6)-6)/3																																																																										
3667	7	((3+6)-6)+7	3+((6/6)*7)	((3-6)+6)+7	((3*6)/6)+7	((3/6)*6)+7	((3+7)*6)/6	((3+7)/6)*6																																																																										
3668	6	((6-3)*6)-8	(3-(6/6))+8	((3/6)*8)+6	(3-(8/6))*6	8-(6/(3-6))	((6/3)*8)-6																																																																												
3677	7	(3+6)+(7/7)	3-((6-7)*7)	7-(3*(6-7))	7-(3/(6-7))	(3+7)*(7-6)	(3+7)/(7-6)	3-(7/(6-7))																																																																										
3678	1	((3+6)-7)+8																																																																																						
3679	3	((7*9)-3)/6	(6+7)-(9/3)	7-(9/(3-6))																																																																																		
3688	3	(3+6)+(8/8)	(3-8)*(6-8)	(3*8)-(6+8)																																																																																		
3689	4	((3+6)-8)+9	((3*6)/9)+8	((3+9)/6)+8	((6/3)*9)-8																																																																																
3699	8	(3+6)+(9/9)	((3+6)/9)+9	9-(3/(6-9))	9-((3-9)/6)	9-(6/(3-9))	9-((6-9)/3)	(9/(3+6))+9	9+(9/(3+6))																																																																								
3777	9	((3+7)+7)-7	((3+7)-7)+7	((3+7)*7)/7	3+((7*7)/7)	((3+7)/7)*7	3+((7/7)*7)	((3-7)+7)+7	((3*7)/7)+7	((3/7)*7)+7																																																																						
3778	9	(3+7)*(8-7)	(3+7)/(8-7)	3-(7*(7-8))	(3-(7/7))+8	3-(7/(7-8))	3-((7-8)*7)	7-(3*(7-8))	7-(3/(7-8))	(3*8)-(7+7)																																																																						
3788	9	((3+7)+8)-8	((3+7)-8)+8	((3+7)*8)/8	3+((7*8)/8)	((3+7)/8)*8	3+((7/8)*8)	((3*8)/8)+7	((3/8)*8)+7	8-(8/(3-7))																																																																						
3789	7	(3+7)*(9-8)	(3+7)/(9-8)	3-(7*(8-9))	3-(7/(8-9))	(3-8)*(7-9)	7-(3*(8-9))	7-(3/(8-9))																																																																										
3799	8	((3+7)+9)-9	((3+7)-9)+9	((3+7)*9)/9	3+((7*9)/9)	((3+7)/9)*9	3+((7/9)*9)	((3*9)/9)+7	((3/9)*9)+7																																																																								
3888	2	(3+8)-(8/8)	(3-(8/8))+8																																																																																				
3889	1	((3+8)+8)-9																																																																																						
3899	2	(3+8)-(9/9)	(3*9)-(8+9)																																																																																				
4445	3	(4+(4/4))+5	((4+4)/4)*5	((4/4)+4)+5																																																																																		
4446	13	((4+4)-4)+6	4+((4/4)*6)	((4-4)+4)+6	((4+4)+6)-4	((4*4)/4)+6	((4/4)*4)+6	(4/4)*(4+6)	(4*(4+6))/4	4*(4-(6/4))	((4/4)*6)+4	((4+6)*4)/4	((4+6)/4)*4	(4-(6/4))*4																																																														
4447	2	(4-(4/4))+7	(4+7)-(4/4)																																																																																				
4448	2	((4+4)/4)+8	(4+4)+(8/4)																																																																																				
4449	2	(4+(4*9))/4	((4*9)+4)/4																																																																																				
4455	4	((4-4)+5)+5	((4+5)+5)-4	((4/4)*5)+5	(4/4)*(5+5)																																																																																
4456	13	4-((4-5)*6)	((4*5)-4)-6	6-(4*(4-5))	(5+6)-(4/4)	6-(4/(4-5))	((4+4)-6)*5	(4/(6-4))*5	(5-4)*(4+6)	6-((4-5)*4)	(4*5)-(4+6)	(4+6)*(5-4)	(4+6)/(5-4)	4-(6/(4-5))																																																														
4457	1	((4+4)-5)+7																																																																																						
4458	2	((4*4)*5)/8	(4-(8/4))*5																																																																																				
4466	1	(4+(6*6))/4																																																																																						
4467	1	((6-4)*7)-4																																																																																						
4468	4	((4+4)-6)+8	8-(4/(4-6))	(4*(8-4))-6	((8-4)*4)-6																																																																																
4469	6	4+((4/6)*9)	4*(4-(9/6))	(4-6)*(4-9)	((4/6)*9)+4	(4-9)*(4-6)	(4-(9/6))*4																																																																												
4478	2	((7/4)*8)-4	((4+8)/4)+7																																																																																				
4479	1	((4+4)-7)+9																																																																																						
4488	4	((4*4)/8)+8	(4-(8/4))+8	(4+8)-(8/4)	((4*8)+8)/4																																																																																
4489	5	((4+4)/8)+9	9-(4/(4-8))	9-((4-8)/4)	((9-4)/4)*8	(8/(4+4))+9																																																																														
4499	1	(9+9)-(4+4)																																																																																						
4555	7	(4+5)+(5/5)	(4+(5/5))+5	(5-4)*(5+5)	5-((4-5)*5)	(4*5)-(5+5)	5-(5/(4-5))	(5+5)/(5-4)																																																																										
4556	8	((4+5)-5)+6	4+((5/5)*6)	((4-5)+5)+6	(5*6)-(4*5)	((4*5)/5)+6	((4/5)*5)+6	((4+6)*5)/5	((4+6)/5)*5																																																																								
4557	7	(4-(5/5))+7	(4*5)/(7-5)	((4+5)-7)*5	(4/(7-5))*5	((7-4)*5)-5	(5+(5*7))/4	((5*7)+5)/4																																																																										
4559	1	((5*9)-5)/4																																																																																						
4566	7	(4+5)+(6/6)	4-((5-6)*6)	6-(4*(5-6))	6-(4/(5-6))	(4+6)*(6-5)	(4+6)/(6-5)	4-(6/(5-6))																																																																										
4567	2	((4+5)-6)+7	(5/(7-4))*6																																																																																				
4568	4	(4*5)/(8-6)	((4+6)/5)+8	((4+6)-8)*5	((4+8)*5)/6																																																																																
4569	3	(4*(9-5))-6	(4*6)-(5+9)	((6*9)-4)/5																																																																																		
4577	3	(4+5)+(7/7)	((7-5)*7)-4	((5+7)/4)+7																																																																																		
4578	3	((4+5)-7)+8	8-(4/(5-7))	(5+7)-(8/4)																																																																																		
4579	3	(4*5)/(9-7)	((4+7)-9)*5	(4-9)*(5-7)																																																																																		
4588	2	(4+5)+(8/8)	(5/(8-4))*8																																																																																				
4589	1	((4+5)-8)+9																																																																																						
4599	8	(4+5)+(9/9)	((4+5)/9)+9	9-(4/(5-9))	9-((4-9)/5)	9-(5/(4-9))	9-((5-9)/4)	(9/(4+5))+9	9+(9/(4+5))																																																																								
4666	9	((4+6)+6)-6	((4+6)-6)+6	((4+6)*6)/6	4+((6*6)/6)	((4+6)/6)*6	4+((6/6)*6)	((4-6)+6)+6	((4*6)/6)+6	((4/6)*6)+6																																																																						
4667	10	(4+6)*(7-6)	(4+6)/(7-6)	4-(6*(6-7))	(4-(6/6))+7	4-(6/(6-7))	4-((6-7)*6)	6-(4*(6-7))	6-(4/(6-7))	7-(6/(4-6))	((6+6)/4)+7																																																																				
4668	4	(4*6)-(6+8)	((6-4)*8)-6	(6+6)-(8/4)	6-(8/(4-6))																																																																																
4669	2	(4/6)*(6+9)	(4*(6+9))/6																																																																																				
4677	9	((4+6)+7)-7	((4+6)-7)+7	((4+6)*7)/7	4+((6*7)/7)	((4+6)/7)*7	4+((6/7)*7)	(4*6)-(7+7)	((4*7)/7)+6	((4/7)*7)+6																																																																						
4678	13	(4+6)*(8-7)	(4+6)/(8-7)	4-(6*(7-8))	4-(6/(7-8))	(4/6)*(7+8)	((8-6)*7)-4	((4*6)/8)+7	((7-4)*6)-8	(4+(7*8))/6	6-(4*(7-8))	6-(4/(7-8))	(6*7)-(4*8)	8-(6/(4-7))																																																														
4679	1	6+((7+9)/4)																																																																																						
4688	14	((4+6)+8)-8	((4+6)-8)+8	((4+6)*8)/8	4+((6*8)/8)	((4+6)/8)*8	4+((6/8)*8)	8-(4/(6-8))	((4+8)/6)+8	((8*8)-4)/6	((4*8)/8)+6	((4/8)*8)+6	((8/4)*8)-6	6+((8+8)/4)	((6*8)-8)/4																																																												
4689	8	(4+6)*(9-8)	(4+6)/(9-8)	4-(6*(8-9))	4-(6/(8-9))	((6-4)*9)-8	6-(4*(8-9))	6-(4/(8-9))	(4-9)*(6-8)																																																																								
4699	8	((4+6)+9)-9	((4+6)-9)+9	((4+6)*9)/9	4+((6*9)/9)	((4+6)/9)*9	4+((6/9)*9)	((4*9)/9)+6	((4/9)*9)+6																																																																								
4777	2	(4+7)-(7/7)	(4-(7/7))+7																																																																																				
4778	1	((4+7)+7)-8																																																																																						
4779	4	(7*(9-7))-4	((9-7)*7)-4	((7*7)-9)/4	7-(9/(4-7))																																																																																
4788	1	(4+7)-(8/8)																																																																																						
4789	2	((4+7)+8)-9	8-(4/(7-9))																																																																																				
4799	3	(4+7)-(9/9)	(4*7)-(9+9)	(4-9)*(7-9)																																																																																		
4888	1	8-(8/(4-8))																																																																																						
4889	1	((8/4)*9)-8																																																																																						
5555	11	((5+5)+5)-5	((5+5)-5)+5	((5+5)*5)/5	5+((5*5)/5)	((5+5)/5)*5	5+((5/5)*5)	((5-5)+5)+5	(5*(5+5))/5	((5*5)/5)+5	((5/5)*5)+5	(5/5)*(5+5)																																																																		
5556	8	(5+5)*(6-5)	(5+5)/(6-5)	5-(5*(5-6))	(5-(5/5))+6	5-(5/(5-6))	(5+6)-(5/5)	5-((5-6)*5)	(6-5)*(5+5)																																																																								
5557	1	(5*7)-(5*5)																																																																																						
5558	5	(5*(8-5))-5	((5+5)/5)+8	5*((5+5)-8)	((5+5)-8)*5	((8-5)*5)-5																																																																														
5559	2	(5+(5*9))/5	((5*9)+5)/5																																																																																				
5566	8	((5+5)+6)-6	((5+5)-6)+6	((5+5)*6)/6	5+((5*6)/6)	((5+5)/6)*6	5+((5/6)*6)	((5*6)/6)+5	((5/6)*6)+5																																																																								
5567	6	(5+5)*(7-6)	(5+5)/(7-6)	5-(5*(6-7))	5-(5/(6-7))	(5*(5+7))/6	((5+7)*5)/6																																																																												
5568	2	(5/(8-5))*6	(5*8)-(5*6)																																																																																				
5569	4	(5*(9-6))-5	5*((5+6)-9)	(5*5)-(6+9)	((5+6)-9)*5																																																																																
5577	8	((5+5)+7)-7	((5+5)-7)+7	((5+5)*7)/7	5+((5*7)/7)	((5+5)/7)*7	5+((5/7)*7)	((5*7)/7)+5	((5/7)*7)+5																																																																								
5578	5	(5+5)*(8-7)	(5+5)/(8-7)	5-(5*(7-8))	5-(5/(7-8))	(5*5)-(7+8)																																																																														
5579	3	(5*(5+9))/7	(5*9)-(5*7)	((5+9)*5)/7																																																																																		
5588	8	((5+5)+8)-8	((5+5)-8)+8	((5+5)*8)/8	5+((5*8)/8)	((5+5)/8)*8	5+((5/8)*8)	((5*8)/8)+5	((5/8)*8)+5																																																																								
5589	5	(5+5)*(9-8)	(5+5)/(9-8)	5-(5*(8-9))	5-(5/(8-9))	(5/(9-5))*8																																																																														
5599	8	((5+5)+9)-9	((5+5)-9)+9	((5+5)*9)/9	5+((5*9)/9)	((5+5)/9)*9	5+((5/9)*9)	((5*9)/9)+5	((5/9)*9)+5																																																																								
5666	4	(5+6)-(6/6)	(5-(6/6))+6	(5*(6+6))/6	(5/6)*(6+6)																																																																																
5667	1	((5+6)+6)-7																																																																																						
5669	2	(5*6)/(9-6)	(5/(9-6))*6																																																																																				
5677	2	(5+6)-(7/7)	7-(6/(5-7))																																																																																				
5678	7	((5+6)+7)-8	(5*(6+8))/7	((5+7)/6)+8	((7-5)*8)-6	((7*8)-6)/5	((6*7)+8)/5	6-(8/(5-7))																																																																										
5679	1	((6+9)/5)+7																																																																																						
5688	3	(5+6)-(8/8)	((8-5)*6)-8	8-(6/(5-8))																																																																																		
5689	1	((5+6)+8)-9																																																																																						
5699	1	(5+6)-(9/9)																																																																																						
5777	2	(5*(7+7))/7	(5/7)*(7+7)																																																																																				
5778	2	7+((7+8)/5)	((7+8)/5)+7																																																																																				
5779	1	((5+7)+7)-9																																																																																						
5789	4	((7-5)*9)-8	(5*(7+9))/8	((5+9)/7)+8	7-(9/(5-8))																																																																																
5888	2	(5*(8+8))/8	(5/8)*(8+8)																																																																																				
5889	1	8-(8/(5-9))																																																																																						
5999	2	(5*(9+9))/9	(5/9)*(9+9)																																																																																				
6668	2	((6+6)+6)-8	((6+6)/6)+8																																																																																				
6669	4	6+((6*6)/9)	(6+(6*9))/6	((6*6)/9)+6	((6*9)+6)/6																																																																																
6678	1	7-(6/(6-8))																																																																																						
6679	1	((6+6)+7)-9																																																																																						
6688	2	((8-6)*8)-6	6-(8/(6-8))																																																																																				
6689	3	(6*(9-6))-8	8-(6/(6-9))	((9-6)*6)-8																																																																																		
6699	2	(6*(6+9))/9	((6+9)*6)/9																																																																																				
6779	1	7-(6/(7-9))																																																																																						
6788	2	((6+8)/7)+8	(6+(8*8))/7																																																																																				
6789	3	(6*(7+8))/9	((9-7)*8)-6	6-(8/(7-9))																																																																																		
6799	2	7-(9/(6-9))	7+((9+9)/6)																																																																																				
6889	2	((8-6)*9)-8	(8*8)-(6*9)																																																																																				
7778	1	((7+7)/7)+8																																																																																						
7779	2	(7+(7*9))/7	((7*9)+7)/7																																																																																				
7889	1	((7+9)/8)+8																																																																																						
7899	1	((9-7)*9)-8																																																																																						
8888	2	8+((8+8)/8)	((8+8)/8)+8																																																																																				
8889	2	(8+(8*9))/8	((8*9)+8)/8																																																																																				
8999	1	8+((9+9)/9)																																																																																						
9999	2	(9+(9*9))/9	((9*9)+9)/9																																																																																				
